/*
 Navicat Premium Data Transfer

 Source Server         : tymap
 Source Server Type    : PostgreSQL
 Source Server Version : 110003
 Source Host           : localhost:5432
 Source Catalog        : Tools
 Source Schema         : public

 Target Server Type    : PostgreSQL
 Target Server Version : 110003
 File Encoding         : 65001

 Date: 23/04/2020 01:08:47
*/


-- ----------------------------
-- Table structure for device_map
-- ----------------------------
DROP TABLE IF EXISTS "public"."device_map";
CREATE TABLE "public"."device_map" (
  "id" varchar(200) COLLATE "pg_catalog"."default",
  "device_code" varchar(255) COLLATE "pg_catalog"."default",
  "device_name" varchar(255) COLLATE "pg_catalog"."default",
  "state" int2 NOT NULL DEFAULT 0
)
;

-- ----------------------------
-- Records of device_map
-- ----------------------------
INSERT INTO "public"."device_map" VALUES ('5', '32fa4958b0d6487d9380749742f6cbeb', '闽_厦门所 八号楼一层_车间前85.3', 0);
INSERT INTO "public"."device_map" VALUES ('7', 'dfeac1e874bb45d9b8d0f82612743fc4', '厦门所 六号楼二层_走廊2 62.26', 0);
INSERT INTO "public"."device_map" VALUES ('11', '1823ba377933456db3a61832b763168b', '周界6-4', 0);
INSERT INTO "public"."device_map" VALUES ('12', '158133f0513a4324a0483aab207b8762', '周界6-7', 0);
INSERT INTO "public"."device_map" VALUES ('13', '2d195e4682874c6ea5112058b9ccdae6', '周界5-1', 0);
INSERT INTO "public"."device_map" VALUES ('14', '4768bb0102904b738391a0059a57c6f0', '周界7-2', 0);
INSERT INTO "public"."device_map" VALUES ('15', '57d147ba0a1c4802b6facfb3e3c0d4dc', '周界7-3', 0);
INSERT INTO "public"."device_map" VALUES ('16', 'a1241a8e49f0408e92a207b21d72774f', '周界7-4', 0);
INSERT INTO "public"."device_map" VALUES ('17', '924210f14b794db9a4548a2f6548c6ff', '周界7-7', 0);
INSERT INTO "public"."device_map" VALUES ('18', '85dbf5a457f34a6090286f2aebb118d5', '厦门所6号楼二层洗浴房后', 0);
INSERT INTO "public"."device_map" VALUES ('19', 'e3f3c8331eb34c04816b079c1fcec5f3', '厦门所6号楼活动室', 0);
INSERT INTO "public"."device_map" VALUES ('21', '9afe66bcd0ab4fb9be77361ab502a7d0', '周界6-1', 0);
INSERT INTO "public"."device_map" VALUES ('22', 'fc59c1ea7a414c2dbe390821e6928213', '周界7-1', 0);
INSERT INTO "public"."device_map" VALUES ('23', '5a38fb46c0ad45e3980eee4271e8824b', '周界7-5', 0);
INSERT INTO "public"."device_map" VALUES ('24', '62b194673e0449418172136582c72a33', '厦门所 六号楼二层_楼梯口 62.23', 0);
INSERT INTO "public"."device_map" VALUES ('25', '4c1dc6f142f342bca60eb8eb3654a333', '厦门所6号楼二层207前', 0);
INSERT INTO "public"."device_map" VALUES ('26', 'eca55be7d1aa4d99abbce3648e3edc5a', '厦门所6号楼二层 办公室门口人脸', 0);
INSERT INTO "public"."device_map" VALUES ('27', '3d9161b6b10d45df82efea2765329903', '厦门所 习艺楼五层_车间前2 85.54', 0);
INSERT INTO "public"."device_map" VALUES ('28', '1ae6064c010341389152fc79426e8823', '厦门所 习艺楼五层_车间中1 85.56', 0);
INSERT INTO "public"."device_map" VALUES ('29', '66e2dadc6327434e95711d26b9ec60f1', '厦门所6号楼二层206前', 0);
INSERT INTO "public"."device_map" VALUES ('30', 'bbfa14df54f24d40a08ff51e8b7fc18c', '厦门所 习艺楼五层_车间中3 85.58', 0);
INSERT INTO "public"."device_map" VALUES ('32', '0097108e686940ac9629f888aa2c1dab', '厦门所 习艺楼五层_车间后4 85.62', 0);
INSERT INTO "public"."device_map" VALUES ('33', '8e5304c52fd34a81bdf821f3f0b88347', '车间后1', 0);
INSERT INTO "public"."device_map" VALUES ('34', 'beb34f57155741b2a366a230f7165deb', '厦门所6号楼二层 活动室前', 0);
INSERT INTO "public"."device_map" VALUES ('35', '69c45d678a4e41ccb871192e84bc1c5e', '工房后1', 0);
INSERT INTO "public"."device_map" VALUES ('36', 'ba163e7e645e4df880c6241387915082', '厦门所6号楼二层 201后', 0);
INSERT INTO "public"."device_map" VALUES ('37', 'bd829dff6c4547be9da54c1d0237bfb0', '工房后3', 0);
INSERT INTO "public"."device_map" VALUES ('38', '375bba2ddcc044239239afe312692e16', '厦门所6号楼二层208前', 0);
INSERT INTO "public"."device_map" VALUES ('39', '2fd3ee07b85945368d477e7535ac839b', '厦门所6号楼二层202室后', 0);
INSERT INTO "public"."device_map" VALUES ('40', '0809235077e44f859dc28d0c07d32236', '厦门所6号楼二层207后', 0);
INSERT INTO "public"."device_map" VALUES ('41', '98da6da2c05446feb423063b3531496b', '厦门所6号楼二层 208后', 0);
INSERT INTO "public"."device_map" VALUES ('42', '45771b4ce1c3475ba4c4b1c8068b52f1', '厦门所6号楼二层205后', 0);
INSERT INTO "public"."device_map" VALUES ('43', '2d77e30181914470adb76b95561dd76d', '周界4-3', 0);
INSERT INTO "public"."device_map" VALUES ('44', 'f02e3008a64649979b69277623eddb83', '周界5-2', 0);
INSERT INTO "public"."device_map" VALUES ('45', '001a7a28141c4c29908b8ee01f60185b', '周界7-6', 0);
INSERT INTO "public"."device_map" VALUES ('46', 'ecde46497280410bbd893b619b00d6c4', '厦门所6号楼二层205室前', 0);
INSERT INTO "public"."device_map" VALUES ('47', '175e9545a17149f8bc985e6bd94110d7', '厦门所6号楼二层204室前', 0);
INSERT INTO "public"."device_map" VALUES ('48', '7d4f746305ed496f900d9dae8f38fa1a', '厦门所6号楼二层 202前', 0);
INSERT INTO "public"."device_map" VALUES ('49', 'ba4418ef216e43199342c96ed7e74a47', '厦门所6号楼二层 206后', 0);
INSERT INTO "public"."device_map" VALUES ('50', 'd95f6d67bc254a82a32ecf40d321c38d', '厦门所6号楼二层 204后', 0);
INSERT INTO "public"."device_map" VALUES ('51', 'ff5a8517371448149ccffbae63f9f20a', '厦门所6号楼二层 203前', 0);
INSERT INTO "public"."device_map" VALUES ('52', '797c714d9cfb4bbbb624d8920ad912a0', '厦门所6号楼二层 203后', 0);
INSERT INTO "public"."device_map" VALUES ('53', '2a187638a3f54fd29bf64a4de12324bc', '厦门所6号楼二层 201前', 0);
INSERT INTO "public"."device_map" VALUES ('54', '6f1d5ed1a15b4f0c97f12ca9d70fb8de', '厦门所 六号楼二层_洗漱间前 62.17', 0);
INSERT INTO "public"."device_map" VALUES ('55', 'ce12a378f5634e8387907e0325f6a113', '厦门所 六号楼二层_卫生间前 62.19', 0);
INSERT INTO "public"."device_map" VALUES ('56', '88cb9c193f364749ac1d8a81f4486b31', '厦门所6号楼二层卫生间后', 0);
INSERT INTO "public"."device_map" VALUES ('57', '6db5324a92ea43bdabdb14bbbfe1dfee', '厦门所6号楼二层 活动室后', 0);
INSERT INTO "public"."device_map" VALUES ('58', '2b00d6d11a654588b476c0f032870241', '厦门所 六号楼二层_约谈室 62.28', 0);
INSERT INTO "public"."device_map" VALUES ('59', '73a153d2922b4e9cb5850e497069b0f6', '厦门所6号楼二层进方向人脸抓拍', 0);
INSERT INTO "public"."device_map" VALUES ('60', '0f3defbc737144d888c4b755b9f6538d', '厦门所 六号楼二层_后楼梯口 62.27', 0);
INSERT INTO "public"."device_map" VALUES ('61', '7b9c933db1394f26aa1b5da37080675f', '厦门所_三队307前', 0);
INSERT INTO "public"."device_map" VALUES ('62', '63b4adc75e6a470db46c5b68966cc0d3', '厦门所_三队306后', 0);
INSERT INTO "public"."device_map" VALUES ('63', 'd9c09fcb12c3498e8c11653bdefde331', '厦门所_三队306前', 0);
INSERT INTO "public"."device_map" VALUES ('64', 'e5aee6601dc54557812cb76ece2d163a', '厦门所_三队303前', 0);
INSERT INTO "public"."device_map" VALUES ('65', '177933191f0a4cd38683a4b0d50c2ed8', '厦门所_三队洗漱间前', 0);
INSERT INTO "public"."device_map" VALUES ('66', '5065fde71689440e831126599a946468', '厦门所_三队308后', 0);
INSERT INTO "public"."device_map" VALUES ('67', '375402979d85440c9c5f0f16aa2d1181', '厦门所_三队308前', 0);
INSERT INTO "public"."device_map" VALUES ('68', '35b095faa762438ca032fee6a48585eb', '厦门所_三队302后', 0);
INSERT INTO "public"."device_map" VALUES ('69', 'f30cbd316d74469aa83949d28a77448f', '厦门所_三队302前', 0);
INSERT INTO "public"."device_map" VALUES ('70', '499f99c0577b40a3a67f595147ee7c18', '厦门所_三队活动室前', 0);
INSERT INTO "public"."device_map" VALUES ('71', '1af0154db6874bf78426d1df35408001', '厦门所_三队卫生间前', 0);
INSERT INTO "public"."device_map" VALUES ('72', '93e6dc76b98a4927a7dc5ef4e231f36c', '厦门所_三队304后', 0);
INSERT INTO "public"."device_map" VALUES ('73', 'be3049160218455195d43225ac0b0559', '厦门所_三队304前', 0);
INSERT INTO "public"."device_map" VALUES ('74', 'd4e54367733a4fa4b804ab19516f5f76', '厦门所_三队303后', 0);
INSERT INTO "public"."device_map" VALUES ('75', '1596ffdf6f894b6a913b1e788a856dfa', '厦门所_一队活动室前', 0);
INSERT INTO "public"."device_map" VALUES ('76', '2af164b2d2d04a4088499a79017ac51a', '厦门所_一队卫生间后', 0);
INSERT INTO "public"."device_map" VALUES ('77', '33677228d8a64b50849dcf22d40064f7', '厦门所_一队102后', 0);
INSERT INTO "public"."device_map" VALUES ('78', '1db9c44c2e104884ad11baea3ede2f24', '厦门所_一队102前', 0);
INSERT INTO "public"."device_map" VALUES ('79', '2ae9bf9dd0aa4e7d990e00419c7c72ba', '厦门所_一队卫生间前', 0);
INSERT INTO "public"."device_map" VALUES ('80', '5ed00f0f7a77498b959110f383cfee31', '厦门所_一队三道门', 0);
INSERT INTO "public"."device_map" VALUES ('81', '0440a2c617884e77b39e79a81d33c1f7', '厦门所_一队走廊1', 0);
INSERT INTO "public"."device_map" VALUES ('82', '509d5bc323cc4662926f40604e58bb65', '厦门所_一队103后', 0);
INSERT INTO "public"."device_map" VALUES ('83', 'dc909f62dedb4a988737fb8ef6a6fecc', '厦门所_一队约谈室', 0);
INSERT INTO "public"."device_map" VALUES ('84', 'b97957b228024ed1927a82e361668642', '厦门所_一队走廊2', 0);
INSERT INTO "public"."device_map" VALUES ('6', 'a1444952a6f1448da038e7ae0686d8ce', '周界4-4', 1);
INSERT INTO "public"."device_map" VALUES ('3', '321d8cdf48bd460aa1c2ce6243cd95ab', '闽_厦门所 八号楼一层_车间中85.16', 1);
INSERT INTO "public"."device_map" VALUES ('8', 'f32a8dea57d6414f86b08c7e4fb87599', '周界4-1', 0);
INSERT INTO "public"."device_map" VALUES ('2', 'd3fb68215146410fa25c0d240152a412', '闽_厦门所 八号楼一层_车间后85.11', 0);
INSERT INTO "public"."device_map" VALUES ('9', '40ea855d1dbd41a7824ce08a4dd8b570', '周界6-2', 1);
INSERT INTO "public"."device_map" VALUES ('10', 'b094454e66ee4c96826ad798f3b4ac9f', '周界6-3', 1);
INSERT INTO "public"."device_map" VALUES ('20', '65d160d1100240d5bff030e6297addd9', '厦门所 六号楼二层_三道门 62.25', 1);
INSERT INTO "public"."device_map" VALUES ('4', 'd9364d6f00f94451ac6e920fcb59edc1', '闽_厦门所 八号楼一层_车间中85.18', 0);
INSERT INTO "public"."device_map" VALUES ('85', 'c41f4be8e5f44ccb93e4e5bcd8e796c8', '厦门所_一队走廊3', 0);
INSERT INTO "public"."device_map" VALUES ('86', '1c05c847c7d94d838e7e3fc08b4c65c3', '厦门所_一队105前', 0);
INSERT INTO "public"."device_map" VALUES ('87', '90c377de35064cb9b119a5eac88c2110', '厦门所_一队104前', 0);
INSERT INTO "public"."device_map" VALUES ('88', '6d9c1b935d2a41438bcc72db12a99dde', '厦门所_一队走廊4', 0);
INSERT INTO "public"."device_map" VALUES ('89', 'a7bb3a2877bc414288c1d7bd1449c968', '厦门所_一队107前', 0);
INSERT INTO "public"."device_map" VALUES ('90', '9c6a633d3316459da7375fdacc5b66df', '厦门所_一队106后', 0);
INSERT INTO "public"."device_map" VALUES ('91', '5f23676be83d4bb28d2226897d4e249b', '厦门所_一队106前', 0);
INSERT INTO "public"."device_map" VALUES ('92', '3e5098e65434437d946d088cd5c4ba51', '厦门所_一队洗漱间前', 0);
INSERT INTO "public"."device_map" VALUES ('93', '140a48ccf0fd4b0cbde7b85267aab963', '厦门所_一队108后', 0);
INSERT INTO "public"."device_map" VALUES ('94', '471824f6d36a4eac96ebe8069b39ddc5', '厦门所_二队504前', 0);
INSERT INTO "public"."device_map" VALUES ('95', 'e3d39c3e5c12416ebfd9647857e0b7d4', '厦门所_二队504后', 0);
INSERT INTO "public"."device_map" VALUES ('96', '221270f045c04436abb7909729361a3e', '厦门所_二队505后', 0);
INSERT INTO "public"."device_map" VALUES ('97', 'bd9da866bda54f6c8223052ea4b882be', '厦门所_二队508前', 0);
INSERT INTO "public"."device_map" VALUES ('98', '6dd00b4b9b9641abaa0f64e749bebb17', '厦门所_二队502后 65.4', 0);
INSERT INTO "public"."device_map" VALUES ('99', 'd6ecb2d38cda482fa655997466741ddb', '厦门所_二队503后', 0);
INSERT INTO "public"."device_map" VALUES ('101', '8efe1d77696a4ac0b047c3fbba281e3e', '厦门所_二队506后', 0);
INSERT INTO "public"."device_map" VALUES ('102', 'b1f18405467a4ce9829bfa9736640043', '厦门所_二队507后', 0);
INSERT INTO "public"."device_map" VALUES ('103', 'd0a6649d63ea42529022f2e608263d5f', '厦门所_四队卫生间后', 0);
INSERT INTO "public"."device_map" VALUES ('104', '5a77144cfbb34c58be9f4be2e6f530b4', '厦门所_四队卫生间前', 0);
INSERT INTO "public"."device_map" VALUES ('105', 'd9a4140505f04b8591b65ef08a838c93', '厦门所_四队609后', 0);
INSERT INTO "public"."device_map" VALUES ('108', '3a9b95906e084a2895c40a770afa7724', '厦门所_四队走廊3', 0);
INSERT INTO "public"."device_map" VALUES ('109', 'aeba78385eeb457c93229f2edd607412', '厦门所_四队走廊4', 0);
INSERT INTO "public"."device_map" VALUES ('110', 'f0dc10b54aad4d32b8c0e26caadb0a0a', '厦门所_四队605后', 0);
INSERT INTO "public"."device_map" VALUES ('111', '19f39cf6f0204f0ea629cf316ddaa9eb', '厦门所_四队604后', 0);
INSERT INTO "public"."device_map" VALUES ('113', '515cba423c0244a6a2891bc1ca7fcf45', '厦门所_四队605前', 0);
INSERT INTO "public"."device_map" VALUES ('114', '9ccc9c48e0fe4878adeee5656d75c8b0', '厦门所_四队604前', 0);
INSERT INTO "public"."device_map" VALUES ('115', '7161daa9a9224acd83bb7a115a7e3d78', '厦门所_四队洗漱间前', 0);
INSERT INTO "public"."device_map" VALUES ('116', 'bbffb95fee4744d6836eb8f351dd4e16', '厦门所_四队603后', 0);
INSERT INTO "public"."device_map" VALUES ('117', 'f85f09d46dba4e4caf125a75c58e8806', '厦门所_四队602后', 0);
INSERT INTO "public"."device_map" VALUES ('118', 'caf3222196894455bc603032f319c117', '厦门所_四队603前', 0);
INSERT INTO "public"."device_map" VALUES ('119', '45e0cb3f35ef47baa570553e51b925bc', '厦门所_四队602前', 0);
INSERT INTO "public"."device_map" VALUES ('120', '0864c26df6cb40a08a38e3ef4135eb6e', '厦门所_四队607后', 0);
INSERT INTO "public"."device_map" VALUES ('121', '44c2160ca5fb4c2184b8ded48a48891c', '厦门所_四队606后', 0);
INSERT INTO "public"."device_map" VALUES ('122', 'c4fa8e5264ff456dac3d6193f3693158', '厦门所_四队608前', 0);
INSERT INTO "public"."device_map" VALUES ('123', 'b04876b67caf43dd807215c4feee91d6', '厦门所_四队607前', 0);
INSERT INTO "public"."device_map" VALUES ('125', '1b1a0d88ddc34b0cb6d2615c9d5fc24c', '厦门所_六队谈话室前', 0);
INSERT INTO "public"."device_map" VALUES ('126', 'b3c6dc17eb6a4fb98ebec71ffed3d5f8', '厦门所 六号楼一层_就餐区2 61.05', 0);
INSERT INTO "public"."device_map" VALUES ('127', '18ccd7d791614b2e87d63823bbb81c5f', '厦门所 六号楼一层_就餐区6 61.09', 0);
INSERT INTO "public"."device_map" VALUES ('128', 'd84e28e4eb4f4e57be81ed7ca2c84e7b', '厦门所 六号楼一层_就餐区5 61.08', 0);
INSERT INTO "public"."device_map" VALUES ('129', '72100531906048f1b484cdc7a642ff40', '厦门所 五号楼四层_后楼梯口 54.12', 0);
INSERT INTO "public"."device_map" VALUES ('130', 'dcc27faad6474739a04f9c822a4d5bcb', '厦门所 五号楼四层_车间中2 54.04', 0);
INSERT INTO "public"."device_map" VALUES ('131', 'f62d8b01deba4d219304c1d4132146a1', '厦门所 五号楼四层_车间前2 54.02', 0);
INSERT INTO "public"."device_map" VALUES ('132', '7427977d5b384c838d297262536fe4b4', '厦门所 五号楼四层_卫生间后 54.10', 0);
INSERT INTO "public"."device_map" VALUES ('133', '390f356b2e354681aceba2164cadf9ef', '厦门所 五号楼四层_车间后门2', 0);
INSERT INTO "public"."device_map" VALUES ('134', 'c85fe26808ce46eaafed253cb5bdbb9e', '厦门所 五号楼四层_车间后门1', 0);
INSERT INTO "public"."device_map" VALUES ('135', '4aa066762cc14aef9fc91043df6b58a5', '厦门所 五号楼四层_车间后1 54.05', 0);
INSERT INTO "public"."device_map" VALUES ('136', '28b2f4b926d0428eaf22874877830335', '厦门所_5号楼三楼后楼梯口 53.3', 0);
INSERT INTO "public"."device_map" VALUES ('137', '91379afd4cad4a30a4dae76918270961', '厦门所_5号楼三楼卫生间后 53.5', 0);
INSERT INTO "public"."device_map" VALUES ('138', 'bff16b323211407395d1c027ef7dcd0a', '厦门所_5号楼二层车间后1 52.14', 0);
INSERT INTO "public"."device_map" VALUES ('139', '687599131eac47ea910718888e1dbcf8', '厦门所_5号楼二楼后楼梯口 52.11', 0);
INSERT INTO "public"."device_map" VALUES ('140', '7b1f2e9b37ac4abfa7c86abceb65750a', '厦门所_5号楼二楼卫生间后 52.13', 0);
INSERT INTO "public"."device_map" VALUES ('141', '076d4fd60cd4450986388903bdfb80c5', '厦门所_5号楼工房电梯', 0);
INSERT INTO "public"."device_map" VALUES ('142', 'dd1336cdcca04463bf17675ffd823561', '厦门所_5号楼二层车间前3 52.18', 0);
INSERT INTO "public"."device_map" VALUES ('143', '0068c550b4ed4ec6a310aa3ac38bcb97', '厦门所_三队307后', 0);
INSERT INTO "public"."device_map" VALUES ('144', 'fe406a2fc37e4da7b99550e460f44b3b', '厦门所 卫生处二层_办公走道42.25', 0);
INSERT INTO "public"."device_map" VALUES ('145', '63588cca9d844a82bbb0ffc2126ac170', '厦门所 卫生处二层_走道42.26', 0);
INSERT INTO "public"."device_map" VALUES ('146', '5dba62f25e3046d88b8025fed22e4d3e', '厦门所 卫生处二层_走道42.21', 0);
INSERT INTO "public"."device_map" VALUES ('147', '58415c07303a498589dd62f52e850531', '厦门所 卫生处二层_走道42.18', 0);
INSERT INTO "public"."device_map" VALUES ('148', 'e1ace6cc0ea64481b44d0a53628bdea1', '厦门所 卫生处二层_走道42.19', 0);
INSERT INTO "public"."device_map" VALUES ('149', '4987a3203a61412ebc7194c34d1ee19d', '厦门所 卫生处二层_楼梯口42.20', 0);
INSERT INTO "public"."device_map" VALUES ('150', '19c6f49e42d64360a546b7776faff19a', '厦门所 卫生处二层_病房卫生间42.1', 0);
INSERT INTO "public"."device_map" VALUES ('151', '386188d1475c4cecad7a3174c8275da3', '厦门所 卫生处二层_病房一42.4', 0);
INSERT INTO "public"."device_map" VALUES ('152', '4afe9d4fc0954dfeb880180d8d27d145', '厦门所 卫生处二层_病房三42.7', 0);
INSERT INTO "public"."device_map" VALUES ('153', '6ceb5ef977fc43e9bdb7a2c6e302321c', '厦门所 卫生处二层_病房三42.8', 0);
INSERT INTO "public"."device_map" VALUES ('154', '883ddfc4348648f0bf09e3994b0d2492', '厦门所 卫生处二层_病房卫生间42.2', 0);
INSERT INTO "public"."device_map" VALUES ('155', 'fd795c31a3814f0bbf0c649bbb2a84bf', '厦门所 卫生处一层_X光室41.24', 0);
INSERT INTO "public"."device_map" VALUES ('156', '86024de5bba84d72952fe04f61da991b', '厦门所 卫生处一层_楼梯口41.28', 0);
INSERT INTO "public"."device_map" VALUES ('157', '42a6d525ef034ec7a7f428df435e12c4', '厦门所 卫生处一层_走道41.27', 0);
INSERT INTO "public"."device_map" VALUES ('158', '8280499811264105948dbdd59f1e3cdb', '厦门所 卫生处一层_候诊大厅41.20', 0);
INSERT INTO "public"."device_map" VALUES ('159', 'c928b961c0904c598ac09c2e2455ed4d', '厦门所 卫生处一层_门诊室41.15', 0);
INSERT INTO "public"."device_map" VALUES ('160', '1b1f652bc3ed40048ffde61fdd9bca37', '厦门所 卫生处一层_门诊室41.16', 0);
INSERT INTO "public"."device_map" VALUES ('161', 'a30156030e2e4904b75a1941a43064d5', '厦门所 卫生处一层_配药室41.14', 0);
INSERT INTO "public"."device_map" VALUES ('162', '8d1de5756c4a4c58bd940d3517f5a41e', '厦门所 卫生处一层_配药室41.13', 0);
INSERT INTO "public"."device_map" VALUES ('163', '0e34ba2dba4346bc92c0588b4e057da6', '厦门所 卫生处一层_抢救室41.5', 0);
INSERT INTO "public"."device_map" VALUES ('164', '40cf4bd721e54698919167c27187deb3', '厦门所 卫生处一层_输液室41.8', 0);
INSERT INTO "public"."device_map" VALUES ('165', '0db9f811fc5544259fa102ee20c678ff', '厦门所 卫生处一层_输液室41.7', 0);
INSERT INTO "public"."device_map" VALUES ('107', '8470ad36b68d4227aac47f41ccfe0fe4', '厦门所_四队走廊2', 1);
INSERT INTO "public"."device_map" VALUES ('166', '19fc15c0bc5b4b7d85754f7f9b1df5dd', '厦门所_三队活动室后', 0);
INSERT INTO "public"."device_map" VALUES ('167', '02bd9357282b4e5e85d64fdd2648f807', '厦门所_二队活动室后', 0);
INSERT INTO "public"."device_map" VALUES ('168', '796725168ce54518bebfad3536563f78', '厦门所_二队走廊1', 0);
INSERT INTO "public"."device_map" VALUES ('112', '43bbba96ae634d9788bec139027fccbf', '厦门所_四队606前', 0);
INSERT INTO "public"."device_map" VALUES ('169', '356085f6228a4489b15bfb2bb691d981', '厦门所_二队走廊2', 0);
INSERT INTO "public"."device_map" VALUES ('170', '0559ebeaacc24b0197a320e04284bb98', '厦门所_二队卫生间前', 0);
INSERT INTO "public"."device_map" VALUES ('171', '221fd5bc527e49ee8bea981799a735db', '厦门所_二队活动室前', 0);
INSERT INTO "public"."device_map" VALUES ('172', 'd4d935659a7c41a7b7d73cb9deaa7663', '厦门所_公共洗碗池', 0);
INSERT INTO "public"."device_map" VALUES ('173', 'a0c215ddb9e64acf8871d71da3659a78', '习艺楼电梯1', 0);
INSERT INTO "public"."device_map" VALUES ('174', 'dbdfc4f790c041ff93cdd7b4e28e8faa', '厦门所_二队谈话室后 65.50', 0);
INSERT INTO "public"."device_map" VALUES ('175', '5908ffe47fde4741bce773befba9c1d6', '厦门所_周界6-5', 0);
INSERT INTO "public"."device_map" VALUES ('176', '1f48cbec57fa4db291003c48346daadf', '厦门所_三队洗漱间后', 0);
INSERT INTO "public"."device_map" VALUES ('177', '81c224ec2b5d4e31b68ae8dcbacb3882', '厦门所_三队卫生间后', 0);
INSERT INTO "public"."device_map" VALUES ('178', 'b7943b22fa874362a79ac3a1699c2981', '厦门所_三队305后', 0);
INSERT INTO "public"."device_map" VALUES ('179', 'e2c27707b3fd429e97d93b49d29cc001', '厦门所_三队305前', 0);
INSERT INTO "public"."device_map" VALUES ('180', '7009c9875ade4ae298064f248260f050', '厦门所_一队活动室后', 0);
INSERT INTO "public"."device_map" VALUES ('181', 'ebe0fabffde14ac989d66055fadd5c19', '厦门所_一队洗漱间后', 0);
INSERT INTO "public"."device_map" VALUES ('182', 'c33b1ac1ea774bdcbaafd4ec86ee4612', '厦门所_一队104后', 0);
INSERT INTO "public"."device_map" VALUES ('183', 'a67d1c304b5944df9155b557e39122e9', '厦门所_一队107后', 0);
INSERT INTO "public"."device_map" VALUES ('184', '05869dcb795449c091cc4320903702ff', '厦门所_一队105后', 0);
INSERT INTO "public"."device_map" VALUES ('185', '2f83f1d37fcb4a988cc5c98a959ef236', '厦门所_一队103前', 0);
INSERT INTO "public"."device_map" VALUES ('187', '7e794b1e3bca4db68cebe0b299faccc8', '厦门所_二队卫生间后', 0);
INSERT INTO "public"."device_map" VALUES ('188', '82fb8cfea3224aa3a128519645a93ddc', '厦门所_二队洗漱间前', 0);
INSERT INTO "public"."device_map" VALUES ('189', 'be519b83e3ab47b3af0c1c8232019464', '厦门所_二队洗漱间后 65.20', 0);
INSERT INTO "public"."device_map" VALUES ('190', 'c528fd587b4a4bde980a446c343f7335', '厦门所_二队509前', 0);
INSERT INTO "public"."device_map" VALUES ('191', '7d9c3260994c42a8957ea90ccc49f223', '厦门所_二队508后', 0);
INSERT INTO "public"."device_map" VALUES ('192', '7b0fedd08f5046a2871cdf78c72dc374', '厦门所_二队507前', 0);
INSERT INTO "public"."device_map" VALUES ('193', '0bb5b791d94449e5b8ae492b16aa759e', '厦门所_二队506前', 0);
INSERT INTO "public"."device_map" VALUES ('194', '5f62dd10df7a4d8aaa26685b342beb8f', '厦门所_二队505前', 0);
INSERT INTO "public"."device_map" VALUES ('195', '661efe5f336a46108ffb392e8c6061c3', '厦门所_二队503前', 0);
INSERT INTO "public"."device_map" VALUES ('196', 'd9c2914d09e6463aba2134270d823685', '厦门所_二队502前 65.3', 0);
INSERT INTO "public"."device_map" VALUES ('197', '84d7ceb236574124b5de5946d914a4bd', '厦门所_二队谈话室前', 0);
INSERT INTO "public"."device_map" VALUES ('199', '2b5f64a319384e13ac7570cb6c777a37', '厦门所_公共_6号楼背面_低照 74.32', 0);
INSERT INTO "public"."device_map" VALUES ('200', '0b3e6652680b4f9b913d97c5f99baf02', '厦门所_公共_上操场_红外', 0);
INSERT INTO "public"."device_map" VALUES ('201', '7bd916bff6d24537a61d6612397c503b', '厦门所_公共_旗杠 74.31', 0);
INSERT INTO "public"."device_map" VALUES ('202', '635b1d393c224412bb1bff527fc7d285', '厦门所_公共-六号楼楼宇门', 0);
INSERT INTO "public"."device_map" VALUES ('203', '5e5d0593cea24bdca8d4bacc9f91f67d', '厦门所_四队活动室后', 0);
INSERT INTO "public"."device_map" VALUES ('204', '3f83063f08084884b8f9943ca02ccf14', '厦门所_四队活动室前', 0);
INSERT INTO "public"."device_map" VALUES ('205', '572f43c050574e3bbc7b62a123991676', '厦门所_四队洗漱间后', 0);
INSERT INTO "public"."device_map" VALUES ('206', 'fe0186910a4d4153bbdbd678371d3fe7', '厦门所_四队608后', 0);
INSERT INTO "public"."device_map" VALUES ('207', '2b362c9335344306b16561142947e81f', '厦门所_六队谈话室后', 0);
INSERT INTO "public"."device_map" VALUES ('208', '297768aa844c44c3b6936b327c1bea2d', '厦门所_一号楼大厅', 0);
INSERT INTO "public"."device_map" VALUES ('209', 'eafd546b78754a7ab3d138ff05597d82', '厦门所_5号楼2层车间后3 52.15', 0);
INSERT INTO "public"."device_map" VALUES ('210', '23bdbaf8ff604a519a7ff1cc89b7b0c0', '厦门所_5号楼二层车间后2 52.17', 0);
INSERT INTO "public"."device_map" VALUES ('211', 'f55bb2d8cb1f46c0817f842f2d79d1e9', '厦门所_5号楼二层车间前1 52.16', 0);
INSERT INTO "public"."device_map" VALUES ('212', '3290bec71c7642ec8e4ea5bbda822198', '厦门所_5号楼二层车间前2 52.19', 0);
INSERT INTO "public"."device_map" VALUES ('213', '96b52f9344ae4d1c8c3ea0eeed7381cb', '厦门所_5号楼三楼卫生间后 53.4', 0);
INSERT INTO "public"."device_map" VALUES ('214', '37ad8de6d29e4cbaa7218949bc3e472e', '厦门所_5号楼三楼前楼梯口 53.2', 0);
INSERT INTO "public"."device_map" VALUES ('215', 'bbba714d77874f7aa15c2667fcd6bb7d', '厦门所 五号楼四层_前楼梯口 54.11', 0);
INSERT INTO "public"."device_map" VALUES ('216', '48a83549af0940d3823ee6238ad7f84a', '厦门所 五号楼四层_卫生间前 54.09', 0);
INSERT INTO "public"."device_map" VALUES ('217', '38036fe7b50147e981b6237de707104a', '厦门所 五号楼四层_车间中1 54.03', 0);
INSERT INTO "public"."device_map" VALUES ('218', '81a239a85ba3428da9dbd2b14a453100', '厦门所 五号楼四层_车间前1 54.01', 0);
INSERT INTO "public"."device_map" VALUES ('219', 'c19ee17d6edb4339b2541cf17516cf99', '厦门所 五号楼四层_车间后2 54.06', 0);
INSERT INTO "public"."device_map" VALUES ('220', 'edcf9be2f44d4e38bbd03fddf4e54dae', '厦门所 六号楼一层_就餐区4 61.07', 0);
INSERT INTO "public"."device_map" VALUES ('221', '06376132d26347b3a07315defdf61fd8', '厦门所 六号楼一层_就餐区1 61.04', 0);
INSERT INTO "public"."device_map" VALUES ('222', '70e6fbf6c80d482c820dce885a33bdfc', '厦门所 六号楼一层_就餐区3 61.06', 0);
INSERT INTO "public"."device_map" VALUES ('223', '3ad317e43ede4304a77d091b3d855e88', '厦门所 卫生处一层_B超室41.1', 0);
INSERT INTO "public"."device_map" VALUES ('224', '96d0ea48c2eb4efe98af8175d200687c', '厦门所 卫生处一层_B超室41.2', 0);
INSERT INTO "public"."device_map" VALUES ('225', 'f82dedec2dae47319b449c92b9900344', '厦门所 卫生处一层_X光室41.25', 0);
INSERT INTO "public"."device_map" VALUES ('226', '6b6df7441688466cabf55d2f36fdfeb9', '厦门所 卫生处一层_抢救室41.6', 0);
INSERT INTO "public"."device_map" VALUES ('227', 'd606835781f644039f7bf1094446d7aa', '厦门所 卫生处一层_候诊大厅41.21', 0);
INSERT INTO "public"."device_map" VALUES ('228', '0a34ac582acc4f38a61d46e734435ddd', '厦门所 卫生处一层_走道41.30', 0);
INSERT INTO "public"."device_map" VALUES ('229', '2517f1ccd1d947d0a4328519f5bb372b', '厦门所 卫生处一层_戒毒治疗室41.18', 0);
INSERT INTO "public"."device_map" VALUES ('230', '09e91c9bc1c345659c463d82d9fe33fc', '厦门所 卫生处一层_戒毒治疗室41.19', 0);
INSERT INTO "public"."device_map" VALUES ('231', '81044597d5134c17908bd65e9c8ede55', '厦门所 卫生处二层_病房一42.3', 0);
INSERT INTO "public"."device_map" VALUES ('232', '307564896382464eb69aabdec6a24b10', '厦门所 卫生处二层_病房四42.10', 0);
INSERT INTO "public"."device_map" VALUES ('233', 'a6fd4940d8b64fe4a222efe68f6c71a7', '厦门所 卫生处二层_设备平台42.22', 0);
INSERT INTO "public"."device_map" VALUES ('234', '10806888ccf34b1ba7ebabe247359b68', '厦门所 卫生处二层_办公走道42.24', 0);
INSERT INTO "public"."device_map" VALUES ('235', 'df3a98a848dd4d42ae29c8080381b25f', '厦门所 习艺楼二层_车间前1 82.14', 0);
INSERT INTO "public"."device_map" VALUES ('236', '96f71639c93143e09e46aac905ed165d', '厦门所 习艺楼五层_车间前1 ', 0);
INSERT INTO "public"."device_map" VALUES ('237', '6ff667389fa143999bd77200995c3556', '厦门所 习艺楼五层_车间中2 85.57', 0);
INSERT INTO "public"."device_map" VALUES ('238', '3543cf4a9e7348569ebc7b3023510036', '厦门所 习艺楼五层_车间后3 85.61', 0);
INSERT INTO "public"."device_map" VALUES ('239', '5b58f1023edf43f7a13b430a098176f3', '工房后2', 0);
INSERT INTO "public"."device_map" VALUES ('240', 'ac9100f56ba34b17b0537b752b5d4c9a', '厦门所_六号楼二层 办公室', 0);
INSERT INTO "public"."device_map" VALUES ('241', 'ac20934839a54673a1a123a97d52c5d3', '厦门所_六号楼二层全景摄像头', 0);
INSERT INTO "public"."device_map" VALUES ('242', 'c6f48c649557411a892c33e5a108e6b9', '厦门所_周界4-5', 0);
INSERT INTO "public"."device_map" VALUES ('243', 'bd3f95435a654ecab7a9a3bc775cbac8', '厦门所_周界4-5热成像', 0);
INSERT INTO "public"."device_map" VALUES ('244', '295ee1b5e98641159b3be73586f97097', '厦门所_周界4-4热成像', 0);
INSERT INTO "public"."device_map" VALUES ('198', '003eab391ff34c628aaf4c411c2ede0d', '厦门所_二队楼梯口', 1);
INSERT INTO "public"."device_map" VALUES ('245', '97d3044a9f8f44a3ba7418d839e3e2ac', '厦门所_周界4-3热成像', 0);
INSERT INTO "public"."device_map" VALUES ('246', '6c29ce0d542b465f9e5506787396282c', '厦门所_周界4-1热成像', 0);
INSERT INTO "public"."device_map" VALUES ('247', 'fe76768231184e4b96f7905816ed0bd6', '厦门所_周界6-2热成像', 0);
INSERT INTO "public"."device_map" VALUES ('248', 'af1af3270fa9451781c8286b9a918a46', '厦门所_周界6-1热成像', 0);
INSERT INTO "public"."device_map" VALUES ('249', '57f97a92cb5a45809ca214aa35a73251', '厦门所_周界6-4热成像', 0);
INSERT INTO "public"."device_map" VALUES ('250', 'cac5806069c449a1ba43313940f26711', '厦门所_周界6-3热成像', 0);
INSERT INTO "public"."device_map" VALUES ('251', '1f2e5a528273489da46734b5ccd97c09', '厦门所_周界6-5热成像', 0);
INSERT INTO "public"."device_map" VALUES ('252', '9b8b234db52d4aa9943b36746ce27144', '厦门所_周界6-7热成像', 0);
INSERT INTO "public"."device_map" VALUES ('253', 'a98e201be5ff4527a1856663d01d7b7d', '厦门所_周界5-2热成像', 0);
INSERT INTO "public"."device_map" VALUES ('254', '4f5d6d40abd0439f93346c30a76513c6', '厦门所_周界5-1热成像', 0);
INSERT INTO "public"."device_map" VALUES ('255', '52e05a6b58574e689332eefa10ffab23', '厦门所_周界7-5热成像', 0);
INSERT INTO "public"."device_map" VALUES ('256', 'c1209b05cf614005877914cf6d741a00', '厦门所_周界7-4热成像', 0);
INSERT INTO "public"."device_map" VALUES ('257', 'efa7d98990d84315885d670d8247e825', '厦门所_周界7-3热成像', 0);
INSERT INTO "public"."device_map" VALUES ('258', '87d853ed36d649c7955af2f5b0c39610', '厦门所_周界7-2热成像', 0);
INSERT INTO "public"."device_map" VALUES ('259', 'f3350467e54b40f99e4ad260966b5c51', '厦门所_周界7-7热成像', 0);
INSERT INTO "public"."device_map" VALUES ('260', 'f7da9893c40746e0b69c6f011b79ecc1', '厦门所_周界7-6热成像', 0);
INSERT INTO "public"."device_map" VALUES ('261', 'f45a74bfadec401fbad2d29b95a328c3', '厦门所_周界7-1热成像', 0);
INSERT INTO "public"."device_map" VALUES ('262', 'd9b0f3d961f84a70a6cbe6529ee144b3', '厦门所_周界3-1', 0);
INSERT INTO "public"."device_map" VALUES ('263', 'c3c5892f72664612ab2e648c4190cd22', '厦门所_周界3-1热成像', 0);
INSERT INTO "public"."device_map" VALUES ('264', 'd474366ca32d43d382735dba8862dfdb', '厦门所 习艺楼五层_卫生间 85.63', 0);
INSERT INTO "public"."device_map" VALUES ('265', '62dbb67e4acb49bc88464b238625c653', '厦门所 习艺楼五层_前楼梯口 85.64', 0);
INSERT INTO "public"."device_map" VALUES ('266', '6a6db42ffd594bb2919d2026eca47fde', '厦门所 习艺楼五层_车间前2 85.54', 0);
INSERT INTO "public"."device_map" VALUES ('267', 'ae8ea4fec731428ab3b701bf4703f089', '工房卫生间', 0);
INSERT INTO "public"."device_map" VALUES ('268', 'b2ff27890d8a400198c239b8e601f980', '工房前楼梯口', 0);
INSERT INTO "public"."device_map" VALUES ('269', '46c598cd23924bb28869040d45a6bb08', '工房电梯口', 0);
INSERT INTO "public"."device_map" VALUES ('270', '64d4d66e964d43dca0853e7d7e5c3f9d', '厦门所_公共_下操场右1_红外', 0);
INSERT INTO "public"."device_map" VALUES ('271', '80b90651b57a4dc98a61ebb228d095fa', '二队三道门', 0);
INSERT INTO "public"."device_map" VALUES ('272', 'd0fa128d6c6a42a480bf5b4d54abd104', '二队卫生间后', 0);
INSERT INTO "public"."device_map" VALUES ('273', '8c397089276b49078ac7259a173cc5de', '二队卫生间前', 0);
INSERT INTO "public"."device_map" VALUES ('274', '6155e97f2fbf43aeba0abd10c195ebdf', '二队洗漱间后', 0);
INSERT INTO "public"."device_map" VALUES ('275', '13fd7b631a53498d800c5b11c2c11cfb', '二队后楼梯口', 0);
INSERT INTO "public"."device_map" VALUES ('276', 'eb920e517a6b440c932c474d05310b19', '二队走廊2', 0);
INSERT INTO "public"."device_map" VALUES ('277', 'fc81139c1ce544b382efa4623806a038', '二队走廊1', 0);
INSERT INTO "public"."device_map" VALUES ('278', '37ced16bd8ce4e98826c7599b69571c7', '二队楼梯口', 0);
INSERT INTO "public"."device_map" VALUES ('279', 'e4829a4dbdcc40d2b1301e471082d292', '二队402前', 0);
INSERT INTO "public"."device_map" VALUES ('280', 'ae5af600636b4b9895e1395c4c177f97', '二队401后', 0);
INSERT INTO "public"."device_map" VALUES ('281', 'de2d8f75d0624f579426fd91cf054dc5', '二队401前', 0);
INSERT INTO "public"."device_map" VALUES ('282', '7b4c4ce1f24649e782aace4b32e362da', '二队储藏室', 0);
INSERT INTO "public"."device_map" VALUES ('283', '9d98bc32d13c48f9b7d52ad40e019ad6', '二队约谈室', 0);
INSERT INTO "public"."device_map" VALUES ('284', '70eb6ede2985442ba19690d53007c61c', '二队404前', 0);
INSERT INTO "public"."device_map" VALUES ('285', '0929507f37da42a6b13e3a4250f298eb', '二队403后', 0);
INSERT INTO "public"."device_map" VALUES ('286', '2a8ee0db51334c6880193ebfcbadb8df', '二队403前', 0);
INSERT INTO "public"."device_map" VALUES ('287', '6e6d75ecc40744078e8f6e5b2f1319e6', '二队402后', 0);
INSERT INTO "public"."device_map" VALUES ('288', '0f8963abcfa443f2ab2a3620e1beb93b', '二队405后', 0);
INSERT INTO "public"."device_map" VALUES ('289', '92e084e6627f4bf887c7ccd08bbbf391', '二队405前', 0);
INSERT INTO "public"."device_map" VALUES ('290', '232eb7fd9d4b469d9804703e55a02e98', '二队404后', 0);
INSERT INTO "public"."device_map" VALUES ('291', '156d2eeb3f084668afabc7055251b673', '二队407后', 0);
INSERT INTO "public"."device_map" VALUES ('292', '4866d8a64d0c4f6f8b4f189173e01449', '二队407前', 0);
INSERT INTO "public"."device_map" VALUES ('293', '3456fc9cd0e24a83a0c51b8bbdf913f6', '二队406后', 0);
INSERT INTO "public"."device_map" VALUES ('294', '2a0612092d764a2ba9769decfce22bad', '二队406前', 0);
INSERT INTO "public"."device_map" VALUES ('295', '490a6ff7c34f406ca545cb4b756515b2', '二队洗漱间前', 0);
INSERT INTO "public"."device_map" VALUES ('296', '3d52dc83fdde4435a696748006376070', '二队活动室后', 0);
INSERT INTO "public"."device_map" VALUES ('297', 'c69f72ae14894ad29708d70689cadfe9', '二队活动室前', 0);
INSERT INTO "public"."device_map" VALUES ('298', '424d368220e84248af3b80d54191678b', '二队开水房', 0);
INSERT INTO "public"."device_map" VALUES ('299', 'aedd203833264e88816b940f0cdde902', '厦门所_三队开水房', 0);
INSERT INTO "public"."device_map" VALUES ('300', 'ef07ca278ad741c093b19eba13b4af73', '厦门所_三队储藏室', 0);
INSERT INTO "public"."device_map" VALUES ('301', '4eb96648827244feb5dd41693e96a626', '厦门所_三队三道门', 0);
INSERT INTO "public"."device_map" VALUES ('302', '92833892c18f4af09e6f381f832aa146', '厦门所_三队走廊1', 0);
INSERT INTO "public"."device_map" VALUES ('303', '299be7b8f923439583c877d65a5b9d4a', '厦门所_三队楼梯口', 0);
INSERT INTO "public"."device_map" VALUES ('304', '4d42ad0a81b34a869d38a5edd52f5aa2', '厦门所_三队约谈室', 0);
INSERT INTO "public"."device_map" VALUES ('305', '972a56a1b14f4506a963b65629f210e3', '厦门所_三队走廊2', 0);
INSERT INTO "public"."device_map" VALUES ('306', 'a8a77e3c6f9549478519e60c3b154a0f', '厦门所_三队后楼梯口', 0);
INSERT INTO "public"."device_map" VALUES ('307', '05fe057bcd904e22b8a21236187798fa', '七号楼204前', 0);
INSERT INTO "public"."device_map" VALUES ('308', '5ead85c1568c497d87c4cd07dd0990dc', '七号楼二层开水房', 0);
INSERT INTO "public"."device_map" VALUES ('309', '642e1154324740a89042b509374dfb8b', '七号楼204后', 0);
INSERT INTO "public"."device_map" VALUES ('310', 'bce25593dcb84cb3b38b52d4d254acaa', '七号楼二层储藏室', 0);
INSERT INTO "public"."device_map" VALUES ('311', 'a2951ed81d134083b65a60f4ee7841ce', '七号楼二层约谈室', 0);
INSERT INTO "public"."device_map" VALUES ('312', '5284f3e32e264beeb299db7a65ccfa5c', '七号楼206前', 0);
INSERT INTO "public"."device_map" VALUES ('313', '3241d7bac2974b3fb8d6f41652acb1d1', '厦门所_七号楼206后', 0);
INSERT INTO "public"."device_map" VALUES ('314', 'f56c6c2c16214af692c200fcddc9185f', '七号楼205前', 0);
INSERT INTO "public"."device_map" VALUES ('315', 'ac00a1234ca44ff89c78bcbe0905c7a6', '七号楼205后', 0);
INSERT INTO "public"."device_map" VALUES ('316', '1bb617778289488ab5dc66dcb4ae9ceb', '七号楼208前', 0);
INSERT INTO "public"."device_map" VALUES ('317', '1b37e6787180464a95e44e568e37d9c6', '七号楼208后', 0);
INSERT INTO "public"."device_map" VALUES ('318', '75ecd11025c342e0b34bb3bd6c063c6f', '七号楼207前', 0);
INSERT INTO "public"."device_map" VALUES ('319', '14771d2de12f4e4ea3f0a3b9d951bb5e', '七号楼207后', 0);
INSERT INTO "public"."device_map" VALUES ('320', 'cb3168f488aa44e987df5adcf24270a5', '七号楼二层活动室前', 0);
INSERT INTO "public"."device_map" VALUES ('321', 'fbe135a0b33b49248edeff597dcbda7b', '七号楼二层厕所后', 0);
INSERT INTO "public"."device_map" VALUES ('322', 'c6b9feb53cd449e29022e3acfff03810', '七号楼二层楼梯口', 0);
INSERT INTO "public"."device_map" VALUES ('323', 'a50056eada7841618a006bc26946986d', '七号楼二层活动室后', 0);
INSERT INTO "public"."device_map" VALUES ('324', '27ce7ebbdfb940fba573f632e59c56e4', '七号楼二层厕所前', 0);
INSERT INTO "public"."device_map" VALUES ('325', '498c4f19aa5c4c6785577d29fce65f5a', '厦门所_七号楼202后', 0);
INSERT INTO "public"."device_map" VALUES ('326', '7cd9517a3197458b883b3ab08f6073fa', '七号楼二层走廊2', 0);
INSERT INTO "public"."device_map" VALUES ('327', '5518fc452640437fbc776d830261eeba', '厦门所_七号楼203前', 0);
INSERT INTO "public"."device_map" VALUES ('328', 'a593b4290a204108b6c4405810493719', '七号楼二层三道门', 0);
INSERT INTO "public"."device_map" VALUES ('329', '5090be319d6446879dae70c09bc45d9e', '厦门所_七号楼202前', 0);
INSERT INTO "public"."device_map" VALUES ('330', '97422c39df4746f793481e2245cd8489', '七号楼二层走廊1', 0);
INSERT INTO "public"."device_map" VALUES ('331', '1fa76b1cbb4e4fd0849f1658b2d8dd30', '七号楼203后', 0);
INSERT INTO "public"."device_map" VALUES ('332', '52078fafdf2b4eb983012c7f78de7483', '厦门所_一队102卫生间', 0);
INSERT INTO "public"."device_map" VALUES ('333', '8389f3aecb524b17b817e5d9433f9a99', '厦门所_一队103卫生间', 0);
INSERT INTO "public"."device_map" VALUES ('334', 'c2c0246932f44a4cb2a4dd9191cf17cb', '厦门所_一队104卫生间', 0);
INSERT INTO "public"."device_map" VALUES ('335', '0f132c7b31314d3cb454a296eb55caf4', '厦门所_一队储藏室', 0);
INSERT INTO "public"."device_map" VALUES ('336', 'ebc71caef1054284adf6f62723a682d3', '厦门所_一队105卫生间', 0);
INSERT INTO "public"."device_map" VALUES ('337', '40e725d23e9f4986a225330a7232dcb8', '厦门所_108前', 0);
INSERT INTO "public"."device_map" VALUES ('338', '314f1270b8094f3e96818e6e04a31d97', '厦门所_一队开水房', 0);
INSERT INTO "public"."device_map" VALUES ('339', '953402e30bc449cf85d94ef818b28f47', '厦门所 操场通道_健身区 91.03', 0);
INSERT INTO "public"."device_map" VALUES ('340', '3e2d2ef5e4c04206bd62a6ba62b67c15', '厦门所_习艺楼前门', 0);
INSERT INTO "public"."device_map" VALUES ('341', '91bbf42846a34560964fa93a97312a36', '六号楼六层后门楼梯口', 0);
INSERT INTO "public"."device_map" VALUES ('342', '7f4010146266435ea4eef9ce61a68eba', '六楼谈话室前', 0);
INSERT INTO "public"."device_map" VALUES ('343', 'c6cd74b7d71a42dd90a4137f36da0eb6', '六楼谈话室后', 0);
INSERT INTO "public"."device_map" VALUES ('344', 'fc02619fb3334359a7f1fc5dd46c47fb', '厦门所_六号楼六层_开水机 66.28', 0);
INSERT INTO "public"."device_map" VALUES ('345', '035e7b2ed8444b5992ea2640482c08d7', '厦门所 六号楼四层_洗漱间前 64.17', 0);
INSERT INTO "public"."device_map" VALUES ('346', 'a7ef3d66aca34b58a9aad7d6506651f3', '厦门所_六号楼四层_三道门 64.24', 0);
INSERT INTO "public"."device_map" VALUES ('347', 'abce507bdda846fe9e251c609a909be6', '厦门所_六号楼四层_活动室后 64.22', 0);
INSERT INTO "public"."device_map" VALUES ('348', 'ade73708107540c9b947c3d61578165b', '厦门所_六号楼四层_走廊1 64.25', 0);
INSERT INTO "public"."device_map" VALUES ('349', '64b08924fc074d3c83e816848ff82a7b', '厦门所_六号楼四层_楼梯口 64.23', 0);
INSERT INTO "public"."device_map" VALUES ('350', 'e69b885ac6504e39865c3bbd83187813', '厦门所_六号楼四层_卫生间前 64.19', 0);
INSERT INTO "public"."device_map" VALUES ('351', 'aee40ac142e247bc82d6f97ba1e046d0', '厦门所_六号楼四层_洗漱间后 64.18', 0);
INSERT INTO "public"."device_map" VALUES ('352', 'eb58f374b8734edf8b6e3bba95c36243', '厦门所_六号楼四层_活动室前 64.21', 0);
INSERT INTO "public"."device_map" VALUES ('353', '054d5d1108034f3f81c6b810ba6eeec1', '厦门所_ 六号楼四层_卫生间后 64.20', 0);
INSERT INTO "public"."device_map" VALUES ('354', '4f4afa9ca6f94856b3480b44cb7fe4b7', '厦门所_六号楼四层_走廊2 64.26', 0);
INSERT INTO "public"."device_map" VALUES ('355', 'a23aef07f1334d998decf57873661c5a', '厦门所_六号楼四层_403后 64.04', 0);
INSERT INTO "public"."device_map" VALUES ('356', 'ed46bbf884ee462a88475bf91792ba45', '厦门所_六号楼四层_409前 64.15', 0);
INSERT INTO "public"."device_map" VALUES ('357', 'e37449c8329d4149a54adba37dade445', '厦门所_六号楼四层_403前 64.03', 0);
INSERT INTO "public"."device_map" VALUES ('358', '5bf399c5e0c44690a9fc59f6f894280e', '厦门所_六号楼四层_402后 64.02', 0);
INSERT INTO "public"."device_map" VALUES ('359', 'd8f2f550869d4a218e617184c8d4bc3a', '厦门所_六号楼四层_402前 64.01', 0);
INSERT INTO "public"."device_map" VALUES ('360', '168a24198294415ea79b49499f362b7c', '厦门所_六号楼四层_409后 64.16', 0);
INSERT INTO "public"."device_map" VALUES ('361', '1395e289043d4adabdd1b0b7b17b15dc', '厦门所_六号楼四层_406后 64.10', 0);
INSERT INTO "public"."device_map" VALUES ('362', '79b6d5d8ddac48f5bf3a919921b2a5a1', '厦门所_六号楼四层_406前 64.09', 0);
INSERT INTO "public"."device_map" VALUES ('363', 'dc1706d920e44621b51961fa43c78d02', '厦门所_六号楼四层_407后 64.12', 0);
INSERT INTO "public"."device_map" VALUES ('364', 'f5dbc0c2ca13472ea67d938bf92409f0', '厦门所_六号楼四层_407前 64.11', 0);
INSERT INTO "public"."device_map" VALUES ('365', '60af79e4ab854b62b4d57f84690f1de1', '厦门所_六号楼四层_404后 64.06', 0);
INSERT INTO "public"."device_map" VALUES ('366', 'ee5f69dfaa2e42a5ba7f7e3cc123ddfc', '厦门所_六号楼四层_404前 64.05', 0);
INSERT INTO "public"."device_map" VALUES ('367', 'e19d61505a454d2b991e8f9b3be031bf', '厦门所_六号楼四层_405前 64.07', 0);
INSERT INTO "public"."device_map" VALUES ('368', '37881c5350024d48901ef7cf0601d6dd', '厦门所_六号楼四层_405后 64.08', 0);
INSERT INTO "public"."device_map" VALUES ('369', '0b76bca4f70744b1999d9ea404a8245a', '厦门所_六号楼四层_408后 64.14', 0);
INSERT INTO "public"."device_map" VALUES ('370', '20996d02a68848278fd1d82663c9f8e6', '厦门所_六号楼四层_408前 64.13', 0);
INSERT INTO "public"."device_map" VALUES ('371', '6f5aeb3c601b4dc087496b9312ac4454', '厦门所_六号楼四层_开水机 64.28', 0);
INSERT INTO "public"."device_map" VALUES ('372', '6e71dd05f10f44fc86b55ed7fc9d5c14', '厦门所_六队仓库', 0);
INSERT INTO "public"."device_map" VALUES ('373', 'e1830b996c294726816e570077477f31', '厦门所_六号楼四层_后楼梯口 64.27', 0);
INSERT INTO "public"."device_map" VALUES ('374', 'e6fc74764bf84686b8f3dc9933aecc07', '厦门所_六号楼三层_谈话室 63.01', 0);
INSERT INTO "public"."device_map" VALUES ('375', '871c9e9718fc431e9ca1cc7d758de061', '厦门所_六号楼三层_306后 63.13', 0);
INSERT INTO "public"."device_map" VALUES ('376', 'be3bf51d6dab40f1b7d264f578bf5b37', '厦门所_六号楼三层_307前 63.14', 0);
INSERT INTO "public"."device_map" VALUES ('377', '547104b937fe4b0a90c176d54f064863', '厦门所_六号楼三层_307后 63.15', 0);
INSERT INTO "public"."device_map" VALUES ('378', '72fd094b2f084a0aa0609f4de3a9593f', '厦门所_六号楼三层_308前 63.16', 0);
INSERT INTO "public"."device_map" VALUES ('379', '6063f46a5d334b368c322494ea49c27b', '厦门所_六号楼三层_305前 63.10', 0);
INSERT INTO "public"."device_map" VALUES ('380', '1e0e487f126542029e1d3a79315b92b1', '厦门所_六号楼三层_305后 63.11', 0);
INSERT INTO "public"."device_map" VALUES ('381', '6e3f9d8a206e4506b27cc1368286cecf', '厦门所_六号楼三层_306前 63.12', 0);
INSERT INTO "public"."device_map" VALUES ('382', '52c8343f53d44340a19bfd399d8921c6', '厦门所_六号楼三层_308后 63.17', 0);
INSERT INTO "public"."device_map" VALUES ('383', '6ddd0bb3f48048d38561f9bc65f8da96', '厦门所_六号楼三层_309前 63.18', 0);
INSERT INTO "public"."device_map" VALUES ('384', '0d0d20292fe842479f1ca188541c81ab', '厦门所_六号楼三层_309后 63.19', 0);
INSERT INTO "public"."device_map" VALUES ('385', '6d50c5af5eec49ca91b5373d9645b4b7', '厦门所_六号楼三层_302后 63.05', 0);
INSERT INTO "public"."device_map" VALUES ('386', 'f61e8d1ddb2249d291284b33882758f4', '厦门所_六号楼三层_302前 63.02', 0);
INSERT INTO "public"."device_map" VALUES ('387', 'fa29d77559314f8d81c2639ece249ac5', '厦门所_ 六号楼三层_304后 63.09', 0);
INSERT INTO "public"."device_map" VALUES ('388', '3d8351840e854a09af6e17d9e3b6a529', '厦门所_六号楼三层_304前 63.08', 0);
INSERT INTO "public"."device_map" VALUES ('389', '6748638eaf9e4ea4ae551767b256f8c2', '厦门所_六号楼三层_303后 63.07', 0);
INSERT INTO "public"."device_map" VALUES ('390', '9222566c66ae4431b66fd842156a1ffa', '厦门所_六号楼三层_303前 63.06', 0);
INSERT INTO "public"."device_map" VALUES ('391', '1fd64e56b8574afcbddf7495254d5f77', '厦门所_六号楼三层_活动室前 63.24', 0);
INSERT INTO "public"."device_map" VALUES ('392', '2c6f93c8b8d84fa69df884e277f6a83b', '厦门所_六号楼三层_活动室后 63.25', 0);
INSERT INTO "public"."device_map" VALUES ('393', 'f2ec364f9678440e87ef7438fd98d601', '厦门所_六号楼三层_楼梯口 63.26', 0);
INSERT INTO "public"."device_map" VALUES ('394', 'f10eeb6958c644a0b2b21868b683d25a', '厦门所_六号楼三层_走廊前 63.27', 0);
INSERT INTO "public"."device_map" VALUES ('395', '886d1968fae845a0b82b20afb4b8af7c', '厦门所_六号楼三层_洗漱间前 63.20', 0);
INSERT INTO "public"."device_map" VALUES ('396', 'f74155be915f4e01bad58807234e16c8', '厦门所 六号楼三层_洗漱间后 63.21', 0);
INSERT INTO "public"."device_map" VALUES ('397', 'e285e28836ca4d48aa8e79d3a8e8d57c', '厦门所_六号楼三层_卫生间前 63.22', 0);
INSERT INTO "public"."device_map" VALUES ('398', 'cf6fcb15a3eb4f7fb1a91e8266597101', '厦门所_六号楼三层_卫生间后 63.23', 0);
INSERT INTO "public"."device_map" VALUES ('399', 'd43569ee284143399938461f9bd6f348', '厦门所_六号楼三层_三道门 63.28', 0);
INSERT INTO "public"."device_map" VALUES ('400', 'a644ef4632004392816221da28bfd0d9', '厦门所_六号楼三层_走廊后 63.29', 0);
INSERT INTO "public"."device_map" VALUES ('401', '790026cd66d342c98e555c81b8339061', '厦门所_六号楼三层_后楼梯口 63.28', 0);
INSERT INTO "public"."device_map" VALUES ('402', '625f76e34903477ebbeb07a7dfe5c6f4', '厦门所 六号楼一层_厨房1 61.01', 0);
INSERT INTO "public"."device_map" VALUES ('403', '347942f942f54fb796df40772714beb4', '厦门所 六号楼一层_休息室 61.10', 0);
INSERT INTO "public"."device_map" VALUES ('404', 'b7af95103e0b4ba0b8a61775cb45872f', '厦门所 六号楼一层_厨房3 61.03', 0);
INSERT INTO "public"."device_map" VALUES ('405', 'b2c79cb312964e9bbd1ae9f0f3401c5c', '厦门所 六号楼一层_厨房2 61.02', 0);
INSERT INTO "public"."device_map" VALUES ('406', '3ab1b4815738428d860a7ae82fb7bb5a', '厦门所_候见室后空地', 0);
INSERT INTO "public"."device_map" VALUES ('407', '24542d0e62a1466480f6e7724892ee88', '厦门所_候见室后空地2', 0);
INSERT INTO "public"."device_map" VALUES ('408', '8228da3ddbe34ba385c0ff20feeb86df', '厦门所_二楼房间2', 0);
INSERT INTO "public"."device_map" VALUES ('409', '3669cef168d3436f8cd75a84277a31f1', '厦门所_侯见室后门', 0);
INSERT INTO "public"."device_map" VALUES ('410', 'efbb5b60a1374e6eb575243480d4dc58', '厦门所_1楼大厅', 0);
INSERT INTO "public"."device_map" VALUES ('411', '92bd1a1c615c4de59f0dfb8b2f7c334c', '厦门所_1楼柜台', 0);
INSERT INTO "public"."device_map" VALUES ('412', '72745c45c8a14c0c8100dc130370f90b', '厦门所_候见室二楼楼梯口', 0);
INSERT INTO "public"."device_map" VALUES ('413', '5f764a9f91da4437b45d065757f15cba', '厦门所_候见室大门', 0);
INSERT INTO "public"."device_map" VALUES ('414', '1b0d7281a7534862bfcdb2ba8e358c66', '厦门所_ 一道门_一道门2 01.02', 0);
INSERT INTO "public"."device_map" VALUES ('415', '5ff83ddd70a243a294c4a687d4b23d90', '厦门所_ 一道门_一道门1 01.01', 0);
INSERT INTO "public"."device_map" VALUES ('416', 'e627aaefc650471888a4bd326ad756e4', '厦门所_车间后1 53.9', 0);
INSERT INTO "public"."device_map" VALUES ('417', 'b54532b7f5084d4c875d374b25f33c74', '厦门所_车间后3 53.10', 0);
INSERT INTO "public"."device_map" VALUES ('418', 'b8d0e2f9fee342908773ca1a676659ff', '厦门所_车间前3 53.11', 0);
INSERT INTO "public"."device_map" VALUES ('419', 'f84ac635421446ccbf050b3116acaaad', '厦门所_车间后2 53.8', 0);
INSERT INTO "public"."device_map" VALUES ('420', 'fb5999d657284a138fe03ece94a48e8f', '厦门所_车间前2 53.7', 0);
INSERT INTO "public"."device_map" VALUES ('421', 'c89b90a187274227809dcc9db8dff2e3', '厦门所_车间前1 53.6', 0);
INSERT INTO "public"."device_map" VALUES ('422', '3d0107b25fd6460d9bd7f677ea391ba7', '厦门所_操场通道_四号楼后 91.05', 0);
INSERT INTO "public"."device_map" VALUES ('423', '3c88dd36e55d4b94bc4bdde22a1d89a2', '厦门所 操场通道_斜坡车道 91.10', 0);
INSERT INTO "public"."device_map" VALUES ('424', 'eb879701306040f3813ebc22b4ce51a5', '厦门所_教育楼1层大厅右前 52.9', 0);
INSERT INTO "public"."device_map" VALUES ('425', 'e41a365e324c4ab692776377dd7ec382', '厦门所_医务室外 52.8', 0);
INSERT INTO "public"."device_map" VALUES ('426', '6a7b7721371b4705b19e9ae6e4675164', '厦门所_教育楼1层大厅左后 52.7', 0);
INSERT INTO "public"."device_map" VALUES ('427', '80ca7b294387481aa74aea3c8a910513', '厦门所_教育楼1层大厅左前 52.6', 0);
INSERT INTO "public"."device_map" VALUES ('428', 'b8ef55fd236245e4a952081e9ea71975', '镜头01', 0);
INSERT INTO "public"."device_map" VALUES ('429', '1b64018eb62d4840ab9796e5a3b3d754', '厦门所_四号楼医务室内 52.88', 0);
INSERT INTO "public"."device_map" VALUES ('430', 'dcca820025734abca1a5bcbc0d79c4eb', '-', 0);
INSERT INTO "public"."device_map" VALUES ('431', '5c765f60b440474986162847269b55e8', '镜头01', 0);
INSERT INTO "public"."device_map" VALUES ('432', 'd3c61fe601d04bfd89ce1d162d9339bf', '镜头01', 0);
INSERT INTO "public"."device_map" VALUES ('433', 'bce6a3d8be394eb9b24f5e758a792bdb', '镜头01', 0);
INSERT INTO "public"."device_map" VALUES ('434', 'cb1cc9874605450787d5a7ebf7470bff', '镜头01', 0);
INSERT INTO "public"."device_map" VALUES ('435', '31fb7493b95b454db289cd68ed268941', '镜头01', 0);
INSERT INTO "public"."device_map" VALUES ('436', 'e97439674a2042e594abc5e386597be3', '镜头01', 0);
INSERT INTO "public"."device_map" VALUES ('437', '3eb4ae6901e04961b242be95f0f85006', '厦门所 卫生处二层_走道42.23', 0);
INSERT INTO "public"."device_map" VALUES ('438', '8db6b2bfa76d4090b69046e04ff008c3', '厦门所 卫生处二层_办公大厅42.15', 0);
INSERT INTO "public"."device_map" VALUES ('439', '310e4000df81481780d06272fb1b632e', '厦门所 卫生处二层_手术室42.13', 0);
INSERT INTO "public"."device_map" VALUES ('440', '1a6459b1f4bf4cc5bfdea2c4db9f32ef', '厦门所 卫生处二层_手术室42.14', 0);
INSERT INTO "public"."device_map" VALUES ('441', 'a11a205c89ae49fa9fe2214d2ae7cabc', '厦门所 卫生处二层_约束病房42.11', 0);
INSERT INTO "public"."device_map" VALUES ('442', '4129f5d0019842a6ad9e637fba794ad0', '厦门所 卫生处二层_约束病房42.12', 0);
INSERT INTO "public"."device_map" VALUES ('443', '1c20367e93d74875a908328da9fd14d8', '厦门所 卫生处二层_病房四42.9', 0);
INSERT INTO "public"."device_map" VALUES ('444', 'b601fb5be9ff46bdb0a543b4d0e34dae', '厦门所 紧闭室_8号房 41.08', 0);
INSERT INTO "public"."device_map" VALUES ('445', '538dd550805b44e9ae74ddcd56860d3a', '厦门所 紧闭室_7号房 41.07', 0);
INSERT INTO "public"."device_map" VALUES ('446', 'b6bbfeab65304f8abd63a7ffdfcceb93', '厦门所 紧闭室_6号房 41.06', 0);
INSERT INTO "public"."device_map" VALUES ('447', 'dc3470b1db9841f1b5c89ddab14159e7', '厦门所 紧闭室_5号房 41.05', 0);
INSERT INTO "public"."device_map" VALUES ('448', '19309da93add4f8490d344d67fde697d', '厦门所 紧闭室_4号房 41.04', 0);
INSERT INTO "public"."device_map" VALUES ('449', '466947bdefdb4cc1ae0203f3e544b50d', '厦门所 紧闭室_3号房 41.03', 0);
INSERT INTO "public"."device_map" VALUES ('450', '3af9a78fd1794ee4b6034d4fde22d958', '厦门所 紧闭室_走廊2 41.12', 0);
INSERT INTO "public"."device_map" VALUES ('451', '4b03163c505d4551a30c50d7b760b5e0', '厦门所 紧闭室_走廊1 41.11', 0);
INSERT INTO "public"."device_map" VALUES ('452', 'a22663378b7748d987301e387318e715', '厦门所 紧闭室_10号房 41.10', 0);
INSERT INTO "public"."device_map" VALUES ('453', 'fa6ee067fa0b46e097a859cd3068e5e4', '厦门所 紧闭室_9号房 41.09', 0);
INSERT INTO "public"."device_map" VALUES ('454', '39ae10a584a84805aa46e19bce6f1111', '厦门所_卫生间前', 0);
INSERT INTO "public"."device_map" VALUES ('455', '8f688a877bb6470c97cb3ccb79919054', '厦门所 紧闭室_1号房 41.01', 0);
INSERT INTO "public"."device_map" VALUES ('456', '734b12ee4a774321badbbbe72844d497', '厦门所 卫生处一层_卫生间走道41.29', 0);
INSERT INTO "public"."device_map" VALUES ('457', 'b44dfc8a4d66425594a85b7a5966dbd3', '厦门所_提审室前', 0);
INSERT INTO "public"."device_map" VALUES ('458', '9a793abf01cf4ef4a511e4409cfc1289', '厦门所_安检室前', 0);
INSERT INTO "public"."device_map" VALUES ('459', '247d2fde06ca4e48855976ad15e87ee7', '厦门所_回归室前', 0);
INSERT INTO "public"."device_map" VALUES ('460', 'a24e8e0bf4f14f1b9f3611fb9f91161b', '厦门所_卫生间后', 0);
INSERT INTO "public"."device_map" VALUES ('461', 'b9d3f64a292d47448ac3297b90288fb1', '厦门所_回归室后', 0);
INSERT INTO "public"."device_map" VALUES ('462', 'b3f335f6540745f9a7bee99298e8313f', '厦门所_法庭前', 0);
INSERT INTO "public"."device_map" VALUES ('463', '23af0ead4f51463fa409dd1fb99050ea', '厦门所_大厅走道', 0);
INSERT INTO "public"."device_map" VALUES ('464', '594f5041fd34486a9218e7e0a495884e', '厦门所_提审室后', 0);
INSERT INTO "public"."device_map" VALUES ('465', '49f3b9c001f3445dbfd62027b9671ea2', '厦门所_法庭后', 0);
INSERT INTO "public"."device_map" VALUES ('466', '164442c624f348d282e4a5d7fb7c2b86', '厦门所_收治大厅后', 0);
INSERT INTO "public"."device_map" VALUES ('467', '884a4492d9d9483785583105bd463881', '厦门所 卫生处一层_走道41.26', 0);
INSERT INTO "public"."device_map" VALUES ('468', '8cf6c9afa49944388864fc4b0ea121a0', '厦门所 卫生处一层_操作间41.22', 0);
INSERT INTO "public"."device_map" VALUES ('469', '78fb534f62ee4075bfae5298ae952584', '厦门所 卫生处一层_卫生间41.17', 0);
INSERT INTO "public"."device_map" VALUES ('470', '3c2d0b8da5684621b6cae5aed9980d76', '厦门所 卫生处一层_注射室41.11', 0);
INSERT INTO "public"."device_map" VALUES ('471', '340409dc778a4aeaa88916ada3db27ed', '厦门所 卫生处一层_清创室41.3', 0);
INSERT INTO "public"."device_map" VALUES ('472', 'cac813839eb64f779691b84d0fc5afa0', '厦门所 卫生处一层_处置室41.9', 0);
INSERT INTO "public"."device_map" VALUES ('473', '4f10e818a0dc4ec68cddddb415a83c1d', '厦门所 卫生处一层_处置室41.10', 0);
INSERT INTO "public"."device_map" VALUES ('474', '040b5f85fa7244ba9e147dad8cf0707d', '厦门所 卫生处一层_清创室41.4', 0);
INSERT INTO "public"."device_map" VALUES ('475', 'f35a24a7d989457488cb0e24debd9d0a', '厦门所_三号岗亭', 0);
INSERT INTO "public"."device_map" VALUES ('476', 'd3223aa27a8b4b52a2fef277acf8e56c', '7号楼宇门', 0);
INSERT INTO "public"."device_map" VALUES ('477', 'ceaa13d693b74319af84c0f3d67a3abb', '厦门所_二道门_车底监控 21.03', 0);
INSERT INTO "public"."device_map" VALUES ('478', '3a21e1e7b9b64243a8b14330225f925c', '厦门所_会见室1楼楼梯', 0);
INSERT INTO "public"."device_map" VALUES ('479', '11ca668375a342889be6170b77a8d52b', '厦门所_二道门_周界7-9 71.09', 0);
INSERT INTO "public"."device_map" VALUES ('480', '29f45596d1724b2cba0ea1b1ff18e961', '厦门所_二道门_车道上 21.02', 0);
INSERT INTO "public"."device_map" VALUES ('481', 'c1a22f3c6b5d4f30b6bd0f77b762383f', '厦门所_二道门_二道门 21.01', 0);
INSERT INTO "public"."device_map" VALUES ('482', '19b8a6cbb0684199acc7fe57f97dd325', '厦门所_中间过道', 0);
INSERT INTO "public"."device_map" VALUES ('483', '8f2d02ad8a2e4e32873e84f073ec0ef1', '厦门所_右仓库前', 0);
INSERT INTO "public"."device_map" VALUES ('484', 'ad85797ff82e44d0a31bd9964b49b77f', '厦门所_1号楼5楼走廊2', 0);
INSERT INTO "public"."device_map" VALUES ('485', 'a436ae889f734b60a1ecad636d642bd7', '厦门所_1号楼5楼走廊1', 0);
INSERT INTO "public"."device_map" VALUES ('486', '5512eaeb4d024169b34a0cc287dc9253', '厦门所_民警宿舍右楼梯口', 0);
INSERT INTO "public"."device_map" VALUES ('487', '65166d6719c1491682efc562f00b8955', '厦门所_1号楼4楼走廊1', 0);
INSERT INTO "public"."device_map" VALUES ('488', '23b54f7bb55c46e19b9a0570411d368f', '厦门所_1号楼4楼走廊2', 0);
INSERT INTO "public"."device_map" VALUES ('489', '9b10a863f1224844b965666c001c861b', '厦门所_1号楼3楼走廊2', 0);
INSERT INTO "public"."device_map" VALUES ('490', '376ffb78344b46e1b9a1c2dfa21da853', '厦门所_1号楼3楼走廊1', 0);
INSERT INTO "public"."device_map" VALUES ('491', '4fd87773ddd34983bd1a48dff0dadc7b', '厦门所_左仓库后', 0);
INSERT INTO "public"."device_map" VALUES ('492', '572ff5534f184d6d918732ed3ce1d596', '厦门所_监控中心前', 0);
INSERT INTO "public"."device_map" VALUES ('493', 'd24c55ecdc184473a79ac7d9091808f3', '厦门所_1号楼一楼梯口', 0);
INSERT INTO "public"."device_map" VALUES ('494', 'e8e33137dcae4b7faf328cf8687743ec', '厦门所_办公楼一楼_斜坡车道 11.07', 0);
INSERT INTO "public"."device_map" VALUES ('495', 'ddcc0642841e497682a8ecd89ee0823f', '厦门所_办公楼一层_二道门外 11.06', 0);
INSERT INTO "public"."device_map" VALUES ('496', '4b63a6d758c54afbb9799ab027a53b22', '厦门所_民警宿舍左楼梯口', 0);
INSERT INTO "public"."device_map" VALUES ('497', '027e343c23a2441099eafbe04a1e175b', '厦门所_东院操场', 0);
INSERT INTO "public"."device_map" VALUES ('498', '32eedf4eb50a45b497b397218b38536b', '厦门所_1号楼2楼走廊1', 0);
INSERT INTO "public"."device_map" VALUES ('499', 'b89fecac26aa4fb8af04d2564884cddc', '厦门所_1号楼2楼走廊2', 0);
INSERT INTO "public"."device_map" VALUES ('500', '95d63df7444b40deb16102c41c30f424', '厦门所_1号楼1楼走廊1_11.12', 0);
INSERT INTO "public"."device_map" VALUES ('501', '1a72005daee644fba76882620aa871a0', '厦门所_周界3-3 41.38', 0);
INSERT INTO "public"."device_map" VALUES ('502', '650a43607c29481d81382e28ef8947bc', '厦门所_周界3-3_热成像', 0);
INSERT INTO "public"."device_map" VALUES ('503', '5720d89479394d5c809b84a779ed1791', '厦门所_周界3-2 41.37', 0);
INSERT INTO "public"."device_map" VALUES ('504', '147bacbe73764c4aaf5e4c42904bff80', '厦门所_周界3-2_热成像', 0);
INSERT INTO "public"."device_map" VALUES ('505', '2cbd6b72240847dcae1615e0ef1f2b55', '厦门所_周界3-4 41.39', 0);
INSERT INTO "public"."device_map" VALUES ('506', 'd5b8a222a1b74154880a578368fe3e17', '厦门所_周界3-4_热成像', 0);
INSERT INTO "public"."device_map" VALUES ('507', '9758fadc00074a3ba06acd30aae5e550', '厦门所_周界4-2 41.51', 0);
INSERT INTO "public"."device_map" VALUES ('508', '2152cb38df264f5ca1f2cc588178c158', '厦门所_周界4-2_热成像', 0);
INSERT INTO "public"."device_map" VALUES ('509', '62dc70ee465948f8b52aa5c282d322b2', '厦门所_周界3-5 41.40', 0);
INSERT INTO "public"."device_map" VALUES ('510', 'de4458b78fee431bbfa3e1e751c02a39', '厦门所_周界3-5_热成像', 0);
INSERT INTO "public"."device_map" VALUES ('511', '9d7076211a2c4682942fffdb7f6548a5', '厦门所_八队前草坪 63.30', 0);
INSERT INTO "public"."device_map" VALUES ('512', 'b4110014ec75496abac1a80eb9813f79', '厦门所_二队开水处', 0);
INSERT INTO "public"."device_map" VALUES ('513', 'b7510cedbce1408c9bece2e527feec1e', '厦门所 操场通道_7号楼地库 71.19', 0);
INSERT INTO "public"."device_map" VALUES ('514', '3e0dd57fb8a14c74a49693e87de4e62a', '厦门所_外会见室3', 0);
INSERT INTO "public"."device_map" VALUES ('515', 'dcce50c858284395b03671fac76151e1', '厦门所_内会见室1', 0);
INSERT INTO "public"."device_map" VALUES ('516', 'c197f902e97142b1b46b78de8a05c04a', '厦门所_外会见室1', 0);
INSERT INTO "public"."device_map" VALUES ('517', '862490deb1d04bdd917e1750d4fdffca', '厦门所_外会见室2', 0);
INSERT INTO "public"."device_map" VALUES ('518', 'b935539cdcf84b95bd0224a017cf2403', '厦门所_内会见室2', 0);
INSERT INTO "public"."device_map" VALUES ('519', '462cbd57c7c44ece8ca61f4cb2bd25fe', '厦门所_会见室2楼楼梯', 0);
INSERT INTO "public"."device_map" VALUES ('520', '09a651178b8a447d86abaaeafc7a284a', '厦门所_二队仓库 65.51', 0);
INSERT INTO "public"."device_map" VALUES ('521', '3577f6a2586544318268b3083841b9d5', '厦门所_二队后楼梯口 65.200', 0);
INSERT INTO "public"."device_map" VALUES ('522', '19c4f65fae8a4f9496b052cd7bf7e58c', '厦门所_监控中心前', 0);
INSERT INTO "public"."device_map" VALUES ('523', '443741b05f584376ba4758f4b3079eaa', '厦门戒所6号楼谈话室前', 0);
INSERT INTO "public"."device_map" VALUES ('524', 'c1b0b88ab90f482aac23aa79e7126ff6', '厦门所_二队谈话室后 65.50', 0);
INSERT INTO "public"."device_map" VALUES ('525', '2a6c2cd60b924285b7bb6beaa7d371e7', '厦门所6号楼二层205后', 0);
INSERT INTO "public"."device_map" VALUES ('526', 'a0f21fb0d0ce4a029c21c5a4941a1bbb', '厦门所6号楼二层205后', 0);
INSERT INTO "public"."device_map" VALUES ('527', 'ed8579fbc86b4f36a3149ffdcb27c9d3', 'IPCamera2', 0);
INSERT INTO "public"."device_map" VALUES ('528', '22a3beadae8d4455b61b8ae772caa325', '厦门所6号楼二层202后', 0);
INSERT INTO "public"."device_map" VALUES ('529', 'c433f3f3d5694d19b39533fcbb5b1df5', '厦门所6号楼二层卫生间后', 0);
INSERT INTO "public"."device_map" VALUES ('530', '96aea65de4444c2ea1bcbbb98a7e9977', '厦门所6号楼二层207后', 0);
INSERT INTO "public"."device_map" VALUES ('531', '374f8b55d0e84b2fbe431214eb9d2b07', '厦门所八队201后', 0);
INSERT INTO "public"."device_map" VALUES ('532', '240db7fe8eed48bbb65927882cb598a6', '厦门所6号楼二层204后', 0);
INSERT INTO "public"."device_map" VALUES ('533', '001677edf78a4311988a2a964ae3bec6', '厦门所6号楼二层208后', 0);
INSERT INTO "public"."device_map" VALUES ('534', '731c2db38cd44ae5a11615ca3a5bcd4b', '厦门所6号楼二层206后', 0);
INSERT INTO "public"."device_map" VALUES ('535', '85ee86007add45e9bbd89dcd0a15b957', '厦门所_二道门报警盒子', 0);
INSERT INTO "public"."device_map" VALUES ('536', 'f39aeaf9dacd43378964242869ea8dd5', '闽_厦门所 八号楼一层_车间后85.10', 0);
INSERT INTO "public"."device_map" VALUES ('537', '30ba44506ced4079bea3ff224c455b98', '闽_厦门所 八号楼一层_车间后85.12', 0);
INSERT INTO "public"."device_map" VALUES ('538', '469a456d888d455f8803b5b97c857dd4', '闽_厦门所 八号楼一层_车间后85.4', 0);
INSERT INTO "public"."device_map" VALUES ('539', '288f1e28540f433f91804f78a2b22e37', '闽_厦门所 八号楼一层_车间前85.6', 0);
INSERT INTO "public"."device_map" VALUES ('540', '6ac92403cfcb44ed969560f7e777b8bb', '闽_厦门所 八号楼一层_车间中85.8', 0);
INSERT INTO "public"."device_map" VALUES ('541', 'cb805b2cb82d4598a1d3e3d4254b175f', '闽_厦门所 八号楼一层_车间前85.5', 0);
INSERT INTO "public"."device_map" VALUES ('542', '009f7516ccd64d3bac5333cea010a7b9', '闽_厦门所 习艺楼一层_电梯口', 0);
INSERT INTO "public"."device_map" VALUES ('543', 'eabb246025854ac39ba4dc29e0d033b2', '厦门所 习艺楼四层_车间后4 84.49', 0);
INSERT INTO "public"."device_map" VALUES ('544', '45ccf6b9bd1541798a86b13bf84a2131', '厦门所 习艺楼五层_后楼梯口 85.65', 0);
INSERT INTO "public"."device_map" VALUES ('1', '0be3aa5043a249888768ce7f8a290a33', '闽厦门所 八号楼一层_车间后1_85.9', 0);
INSERT INTO "public"."device_map" VALUES ('186', 'e72535b3fc394ccb85d891dac7edf98b', '厦门所_二队三道门', 1);
INSERT INTO "public"."device_map" VALUES ('106', '731cb733a1c141aa8422a4df8524f4f6', '厦门所_四队走廊1', 1);
INSERT INTO "public"."device_map" VALUES ('31', '5c2bb02a46cc4e708374d29e00530cf1', '厦门所 习艺楼五层_车间后2 85.60', 0);
INSERT INTO "public"."device_map" VALUES ('100', '0a22c553cef846a29e152ba980b1589f', '厦门所_二队509后', 1);

-- ----------------------------
-- Table structure for device_point
-- ----------------------------
DROP TABLE IF EXISTS "public"."device_point";
CREATE TABLE "public"."device_point" (
  "P_Id" varchar(200) COLLATE "pg_catalog"."default" NOT NULL,
  "point_X" varchar(255) COLLATE "pg_catalog"."default",
  "point_Y" varchar(255) COLLATE "pg_catalog"."default",
  "device_code" varchar(255) COLLATE "pg_catalog"."default",
  "role_id" varchar(200) COLLATE "pg_catalog"."default"
)
;

-- ----------------------------
-- Records of device_point
-- ----------------------------
INSERT INTO "public"."device_point" VALUES ('af4440c3f633488aa0ff6503b3aec7ed', '0.246017699115044', '0.308641975308642', '0db9f811fc5544259fa102ee20c678ff', '8e032bfa-85a2-449f-b102-6f2f71ed7360');
INSERT INTO "public"."device_point" VALUES ('ce19fb18ba74415a8ce0bb3ccd22576d', '0.214159292035398', '0.661375661375661', '40cf4bd721e54698919167c27187deb3', 'abc515c4-61da-4644-90fd-779be5558e89');
INSERT INTO "public"."device_point" VALUES ('3772e30b137e442494f5546631c6fbc3', '0.191150442477876', '0.312169312169312', '3ad317e43ede4304a77d091b3d855e88', '0fa285ee-f178-453c-b9b2-9d98df3cba60');
INSERT INTO "public"."device_point" VALUES ('8df3bbe8630247afad8bd982e4865450', '0.164601769911504', '0.657848324514991', '96d0ea48c2eb4efe98af8175d200687c', 'cd90e17c-96e5-4a9f-a1cc-ef06734ee3b0');
INSERT INTO "public"."device_point" VALUES ('d321447cd7d246aa9529009b76799be4', '0.460176991150442', '0.18694885361552', '297768aa844c44c3b6936b327c1bea2d', '6c509b3e-37fe-4f3a-8a90-95065f26272d');
INSERT INTO "public"."device_point" VALUES ('88d712a3b1ba44e98297d7ff7da6c8ed', '0.669026548672566', '0.765432098765432', 'd606835781f644039f7bf1094446d7aa', 'c30d4db3-21d0-4cc6-955f-070c7f76073a');
INSERT INTO "public"."device_point" VALUES ('a48fe8fadae84d17b150e142e152d031', '0.566371681415929', '0.488536155202822', '8280499811264105948dbdd59f1e3cdb', '87452f80-51ba-4adf-bf3c-9d0bffb58bf5');
INSERT INTO "public"."device_point" VALUES ('d2675618fc6746bf8dabfad6c0fc16ba', '0.545132743362832', '0.666666666666667', '09e91c9bc1c345659c463d82d9fe33fc', 'e32ad058-0b06-4e36-b507-534eb3872e38');
INSERT INTO "public"."device_point" VALUES ('ea95deeae1064979a95e53ff4cfe0a8d', '0.506194690265487', '0.488536155202822', '2517f1ccd1d947d0a4328519f5bb372b', '961c68b8-a134-42bd-a8f5-d755cf10258a');
INSERT INTO "public"."device_point" VALUES ('0f2334a362a54870a0fda8803b5b9502', '0.513274336283186', '0.756613756613757', '0a34ac582acc4f38a61d46e734435ddd', 'b8740ad0-b90e-4266-b8e3-7b32d2538786');
INSERT INTO "public"."device_point" VALUES ('730d396dc3d24941b7ec7ed9d79288e3', '0.492035398230089', '0.760141093474427', '42a6d525ef034ec7a7f428df435e12c4', '957a207a-4d32-4c7c-bf67-1020e55230d2');
INSERT INTO "public"."device_point" VALUES ('e195625e6ef24f0eaa7d01c2db539367', '0.454867256637168', '0.761904761904762', '86024de5bba84d72952fe04f61da991b', 'cec94d64-4487-43dd-a510-752da2dfc8c8');
INSERT INTO "public"."device_point" VALUES ('d7e619b2f5ec45cd9a38386caf57d421', '0.40353982300885', '0.313932980599647', 'c928b961c0904c598ac09c2e2455ed4d', 'db19075b-18c9-418b-a129-57f3df358a45');
INSERT INTO "public"."device_point" VALUES ('20f79191e76e4527803c79de9ce55ab7', '0.368141592920354', '0.661375661375661', '1b1f652bc3ed40048ffde61fdd9bca37', 'f2280635-ecb0-46cc-9f08-91bed951b599');
INSERT INTO "public"."device_point" VALUES ('521e59e159a148a4bb207c68b8a2a88e', '0.346902654867257', '0.310405643738977', '0e34ba2dba4346bc92c0588b4e057da6', '2f6d555c-755c-4487-b214-73ab0abf70c2');
INSERT INTO "public"."device_point" VALUES ('de81e91c5d354e12a74dd248d911a3c4', '0.316814159292035', '0.664902998236332', '6b6df7441688466cabf55d2f36fdfeb9', '0c4cc881-1bdc-4125-8b6f-da26c39d3764');
INSERT INTO "public"."device_point" VALUES ('1cc5655a3be54d56bb9c423011bac1bd', '0.295575221238938', '0.310405643738977', 'f82dedec2dae47319b449c92b9900344', 'de720961-f653-411f-b55f-c1c72aac3953');
INSERT INTO "public"."device_point" VALUES ('fb11d8b3655740cebc492feea30f72ab', '0.143362831858407', '0.312169312169312', 'a30156030e2e4904b75a1941a43064d5', '8e1a368f-d8fc-492e-8b3b-90bd6e613285');
INSERT INTO "public"."device_point" VALUES ('b0a83145f54941de9ab41f7bd1f078e9', '0.107964601769912', '0.657848324514991', '8d1de5756c4a4c58bd940d3517f5a41e', 'f62b7518-ca7d-4d85-98ed-f1ca3d063dfe');
INSERT INTO "public"."device_point" VALUES ('aa8417a3a6b1405a94bbe3de5858e779', '0.109734513274336', '0.322751322751323', '19c6f49e42d64360a546b7776faff19a', '88d9173f-62b2-46db-afa3-b74bf1aef62f');
INSERT INTO "public"."device_point" VALUES ('a187250a170743e18ef3e97a65e1fc3f', '0.138053097345133', '0.691358024691358', '883ddfc4348648f0bf09e3994b0d2492', '4641bbb5-aca3-4cd4-a985-84d1b82584e3');
INSERT INTO "public"."device_point" VALUES ('1e2784441cf74370bdae8fd6f2f25c92', '0.215929203539823', '0.691358024691358', '307564896382464eb69aabdec6a24b10', '6be08dee-233d-42f3-83f4-e353ab6c08b7');
INSERT INTO "public"."device_point" VALUES ('d98cd2169f8d45f9852985ea4086544c', '0.263716814159292', '0.694885361552028', '6ceb5ef977fc43e9bdb7a2c6e302321c', '34b64a13-f468-468a-878c-6246cfffd1ca');
INSERT INTO "public"."device_point" VALUES ('fda8a118d0ac4994b9ff155d67d382fb', '0.295575221238938', '0.319223985890653', '4afe9d4fc0954dfeb880180d8d27d145', 'dd3a29f5-dd45-413f-938c-64e022b187d5');
INSERT INTO "public"."device_point" VALUES ('471ff6c3c43b4d43bc2435d08a59464a', '0.401769911504425', '0.319223985890653', '81044597d5134c17908bd65e9c8ede55', 'c59ccb9f-4aba-4e71-9a6d-d14957bbada7');
INSERT INTO "public"."device_point" VALUES ('9acdc1dc9471461d89dd1c9cec7900ad', '0.369911504424779', '0.693121693121693', '386188d1475c4cecad7a3174c8275da3', '2ec578e4-ff4f-4f1a-8f0a-7e033c2e89ba');
INSERT INTO "public"."device_point" VALUES ('91ff8b4b17784c8585adcc16dbf49078', '0.384070796460177', '0.790123456790123', '58415c07303a498589dd62f52e850531', '6c8a0434-7a90-4c1d-8652-3f79f714acff');
INSERT INTO "public"."device_point" VALUES ('e0686af02c73478481277cda1f6ff957', '0.345132743362832', '0.804232804232804', '63588cca9d844a82bbb0ffc2126ac170', 'ed1844bc-594a-462f-8c67-c58e72ae4431');
INSERT INTO "public"."device_point" VALUES ('1ed8102ce20640a8829a6a9a0a7b7373', '0.433628318584071', '0.802469135802469', '4987a3203a61412ebc7194c34d1ee19d', '68639db0-5cbe-4a69-b88a-500db80befe6');
INSERT INTO "public"."device_point" VALUES ('c2f21cc98079405b82a0a215208edd11', '0.463716814159292', '0.798941798941799', '5dba62f25e3046d88b8025fed22e4d3e', 'd5595e24-1d00-4b1f-9389-0847d8b88d35');
INSERT INTO "public"."device_point" VALUES ('ff05822e2d33457c9ce363c484632ada', '0.490265486725664', '0.805996472663139', 'e1ace6cc0ea64481b44d0a53628bdea1', '9dcdadcf-8988-40d8-9778-48afe8bf68b8');
INSERT INTO "public"."device_point" VALUES ('a4300698f74f4f26b5b2802bce521293', '0.506194690265487', '0.506172839506173', 'a6fd4940d8b64fe4a222efe68f6c71a7', '85dc2f31-e641-4932-bc1b-83e714a8664a');
INSERT INTO "public"."device_point" VALUES ('106c75689cac4c2da6b0403ef94819ae', '0.626548672566372', '0.407407407407407', '10806888ccf34b1ba7ebabe247359b68', '4d2e447c-df56-4f40-a071-95fa0447924c');
INSERT INTO "public"."device_point" VALUES ('e145d13fdcbd47c594c543852cff7efc', '1.73097345132743', '0.82010582010582', 'fe406a2fc37e4da7b99550e460f44b3b', 'c546f292-c818-48a9-b051-7e9da72c3661');
INSERT INTO "public"."device_point" VALUES ('c6093a36a9374d6f91a26ba52248636f', '0.0654867256637168', '0.398589065255732', 'bff16b323211407395d1c027ef7dcd0a', '7bc441de-d1f9-4130-8fa3-637ec3b150fc');
INSERT INTO "public"."device_point" VALUES ('b0297f6b59e347f992441b706256cf30', '0.0619469026548673', '0.673721340388007', '3290bec71c7642ec8e4ea5bbda822198', '6cc3d303-a23a-4052-8d67-d6aef220023a');
INSERT INTO "public"."device_point" VALUES ('a9c11de5d3d448e2b2afb206ea721600', '0.256637168141593', '0.687830687830688', 'dd1336cdcca04463bf17675ffd823561', '982920f2-703d-4c44-b832-b62f4383cc03');
INSERT INTO "public"."device_point" VALUES ('737b01e739b04368a0814c7a1d480bf0', '0.495575221238938', '0.373897707231041', '23bdbaf8ff604a519a7ff1cc89b7b0c0', '12fbcebd-c217-42d6-ba0a-17685e5263f8');
INSERT INTO "public"."device_point" VALUES ('d5f61ceaed1f479b9c5b8a2c1697c0a9', '0.853097345132743', '0.700176366843034', 'f55bb2d8cb1f46c0817f842f2d79d1e9', '94970898-2755-4676-94cc-a45a52798b21');
INSERT INTO "public"."device_point" VALUES ('e3dc1ecc49794a68ab7c354ff3a38a2c', '0.729203539823009', '0.835978835978836', '076d4fd60cd4450986388903bdfb80c5', '1bb3320d-2edc-4d67-a1aa-422df0efbb89');
INSERT INTO "public"."device_point" VALUES ('554ae4766a5e4c95bd50828e2bbd21e3', '0.929203539823009', '0.0987654320987654', '7b1f2e9b37ac4abfa7c86abceb65750a', '29d00839-5dd4-49fd-abef-d2fd5fd35ed4');
INSERT INTO "public"."device_point" VALUES ('6b3ecd3528b245b29d67c1e50990b266', '0.936283185840708', '0.839506172839506', '687599131eac47ea910718888e1dbcf8', '0362117c-bbe0-40a1-8f86-7c203603693d');
INSERT INTO "public"."device_point" VALUES ('ed0d487d757c4e08a51767f39de9959e', '0.860176991150442', '0.0846560846560847', 'eafd546b78754a7ab3d138ff05597d82', 'a55db4cc-92ce-425b-995d-e52d7359d5fa');
INSERT INTO "public"."device_point" VALUES ('3c7f6638f8d042dd86bf3ee71af27fbe', '0.936283185840708', '0.0970017636684303', '96b52f9344ae4d1c8c3ea0eeed7381cb', '555deb75-2629-4740-a2c3-daaf2de77341');
INSERT INTO "public"."device_point" VALUES ('82b4e10d55fa4cc8b244f02207a9f672', '0.265486725663717', '0.661375661375661', '81a239a85ba3428da9dbd2b14a453100', 'adba4f3d-1774-443d-a092-3184384f22ac');
INSERT INTO "public"."device_point" VALUES ('75eee508ab6342e4b5e286201f464b1d', '0.941592920353982', '0.437389770723104', '91379afd4cad4a30a4dae76918270961', '80d0cb71-d802-4cb9-8741-cd517f131df7');
INSERT INTO "public"."device_point" VALUES ('19626ff7cd2a4f6386ae7a25b4cb49a5', '0.939823008849558', '0.751322751322751', '28b2f4b926d0428eaf22874877830335', '04b81600-bbcd-4cfd-a513-a94ed63197dc');
INSERT INTO "public"."device_point" VALUES ('e8feaf197c5d441d92033198533b8ef2', '0.819469026548673', '0.850088183421517', '37ad8de6d29e4cbaa7218949bc3e472e', '87c77fb6-e311-48f2-a0ab-27f1816467a5');
INSERT INTO "public"."device_point" VALUES ('c905edf899fe418cbb689b8789feda83', '0.0442477876106195', '0.112874779541446', '4aa066762cc14aef9fc91043df6b58a5', '9a6384e6-7d5b-4b3c-8651-2cef141d4cad');
INSERT INTO "public"."device_point" VALUES ('abfba61c5eb24c428313b15a594fe834', '0.0424778761061947', '0.403880070546737', 'c85fe26808ce46eaafed253cb5bdbb9e', '688f9408-868e-45c3-a871-8e1a60a2cfe3');
INSERT INTO "public"."device_point" VALUES ('d011b73ffb08481f8543a22fe3cd4740', '0.0513274336283186', '0.104056437389771', '4aa066762cc14aef9fc91043df6b58a5', '37bedc2a-e9a6-4698-80ed-884a8eed484e');
INSERT INTO "public"."device_point" VALUES ('c3e4cb8028b448fe94d20580e12d0a09', '0.0495575221238938', '0.712522045855379', '158133f0513a4324a0483aab207b8762', 'e007d0b1-afc2-43c4-9303-7bf9a151e618');
INSERT INTO "public"."device_point" VALUES ('9d425c66bf2c4a599e11e718d032989b', '0.0442477876106195', '0.396825396825397', 'c85fe26808ce46eaafed253cb5bdbb9e', '6db19fcf-3f06-4ad5-9aa2-61ab9c6d0619');
INSERT INTO "public"."device_point" VALUES ('19a81e67bfd04f54b2ea404763a40b15', '0.0460176991150442', '0.716049382716049', '81a239a85ba3428da9dbd2b14a453100', 'e0c04433-6948-4868-b4be-5c526fcb3d97');
INSERT INTO "public"."device_point" VALUES ('7754dee500f7435c9a31a4ceda4b3331', '0.166371681415929', '0.858906525573192', '72100531906048f1b484cdc7a642ff40', '9f35ea91-cc38-4642-bd51-f984689a70fc');
INSERT INTO "public"."device_point" VALUES ('c836b70616a14f7aa085d9f8f3749dad', '0.338053097345133', '0.37037037037037', 'dcc27faad6474739a04f9c822a4d5bcb', '27518d3a-18a8-4ebc-864f-9d45519e9b62');
INSERT INTO "public"."device_point" VALUES ('6b107349536a4a9987d4f8ddbb461edb', '0.64070796460177', '0.37037037037037', '38036fe7b50147e981b6237de707104a', '33dd7c1f-0063-4de8-8382-533e00222d68');
INSERT INTO "public"."device_point" VALUES ('f51b770a7a1e47d4850f058b59c7f578', '0.869026548672566', '0.0987654320987654', 'c19ee17d6edb4339b2541cf17516cf99', 'fef84e7a-428b-4e4b-a2f7-9aa3b827d064');
INSERT INTO "public"."device_point" VALUES ('aa7988ca5dbb4f3e97efa3f50ac3cb33', '0.874336283185841', '0.398589065255732', '390f356b2e354681aceba2164cadf9ef', '038ab99e-2ac1-4d0d-b6ad-16b688e5adc3');
INSERT INTO "public"."device_point" VALUES ('753b1b3a05034734a06e2250dc1c4b5c', '0.870796460176991', '0.717813051146385', 'f62d8b01deba4d219304c1d4132146a1', '707c31dc-3ed0-4441-8071-52cccd0b1e48');
INSERT INTO "public"."device_point" VALUES ('5a77591f7287465eafe3e259f41211c0', '0.830088495575221', '0.858906525573192', 'bbba714d77874f7aa15c2667fcd6bb7d', 'e6f056cc-5024-4319-a250-25e99ff7bd61');
INSERT INTO "public"."device_point" VALUES ('0e7f0a541edf40879cbfc943f8469fa5', '0.941592920353982', '0.0881834215167548', '7427977d5b384c838d297262536fe4b4', 'fe9e28c8-8b89-4881-909c-e6446b94b232');
INSERT INTO "public"."device_point" VALUES ('5cc9b3353ef5422fa1b359b345b3304d', '0.906194690265487', '0.716049382716049', '48a83549af0940d3823ee6238ad7f84a', '6e55c986-f294-478e-b516-6b4042039b77');
INSERT INTO "public"."device_point" VALUES ('9cbf93cfdf4c472d834b27bbefba7636', '0.492035398230089', '0.627865961199295', '18ccd7d791614b2e87d63823bbb81c5f', '3b54130f-5299-4dc4-85f2-3fde61808d95');
INSERT INTO "public"."device_point" VALUES ('a716e0db7e8e418b96b4565e6345bec0', '0.702654867256637', '0.860670194003527', '70e6fbf6c80d482c820dce885a33bdfc', '98d91457-f5b8-4b8c-9d6e-17cd0606337b');
INSERT INTO "public"."device_point" VALUES ('cccfcd7e2d54431ea4d53868d6d107a1', '0.807079646017699', '0.63668430335097', 'b3c6dc17eb6a4fb98ebec71ffed3d5f8', '4e71f578-da87-4898-b230-2943db70e8ce');
INSERT INTO "public"."device_point" VALUES ('d8d11e6f018b4bbbbf88936512fab55b', '0.492035398230089', '0.350970017636684', 'd84e28e4eb4f4e57be81ed7ca2c84e7b', 'f1911087-fb4d-4b5f-8a5d-178326648351');
INSERT INTO "public"."device_point" VALUES ('42add2d75c1b4820956b944afe4f3571', '0.615929203539823', '0.164021164021164', 'edcf9be2f44d4e38bbd03fddf4e54dae', 'b2fac057-74c7-4326-896f-bd91af2315fa');
INSERT INTO "public"."device_point" VALUES ('2c8f7fcadd974d82a1c84965f1e0629c', '0.957522123893805', '0.606701940035273', '06376132d26347b3a07315defdf61fd8', '31b39813-7f58-4938-844c-de0bbbe9dece');
INSERT INTO "public"."device_point" VALUES ('2427be8f31844d1a88544c8123e64fee', '0.180530973451327', '0.557319223985891', 'eca55be7d1aa4d99abbce3648e3edc5a', 'f22373d3-16ab-48e8-a886-5dff5a4da31a');
INSERT INTO "public"."device_point" VALUES ('dfa5cfc2412448779444e152fc1248c5', '0.258407079646018', '0.391534391534392', '2b00d6d11a654588b476c0f032870241', '5f0f2250-3f8d-42c3-a912-243fe8e122c7');
INSERT INTO "public"."device_point" VALUES ('03df0b86c3264b89850d6683ecedb3ea', '0.28141592920354', '0.552028218694885', '73a153d2922b4e9cb5850e497069b0f6', '228272da-120c-4a6a-ba9e-66d08e67aa9e');
INSERT INTO "public"."device_point" VALUES ('4404be0fccf842cb884389cc34c4547a', '0.329203539823009', '0.343915343915344', 'ba163e7e645e4df880c6241387915082', 'f028d13c-d404-45a7-8e13-83939d61875c');
INSERT INTO "public"."device_point" VALUES ('cdf598138a434072bb1b162180d9c27e', '0.35929203539823', '0.555555555555556', '2a187638a3f54fd29bf64a4de12324bc', '7a32e155-bb02-4241-8672-655c659a02d3');
INSERT INTO "public"."device_point" VALUES ('03dab1f102334018a04c9eb06f00dde8', '0.376991150442478', '0.340388007054674', '2fd3ee07b85945368d477e7535ac839b', '20af11e5-6beb-41bd-9760-29a8a200cf8c');
INSERT INTO "public"."device_point" VALUES ('60d9ff17df9746d8905c3dfda7f5eae7', '0.401769911504425', '0.557319223985891', '7d4f746305ed496f900d9dae8f38fa1a', 'e82ce2cb-d7bf-42b5-b3f6-d7d1a2e82f80');
INSERT INTO "public"."device_point" VALUES ('038d5f66d2994a6c9f88d6d15faf2096', '0.426548672566372', '0.342151675485009', '797c714d9cfb4bbbb624d8920ad912a0', '439fc69e-b206-4f02-b255-e5cd3fc0e8ce');
INSERT INTO "public"."device_point" VALUES ('c72f7c46356f4c06a771a452f04b759b', '0.447787610619469', '0.557319223985891', 'ff5a8517371448149ccffbae63f9f20a', '2cd1c222-b8a7-4636-8e47-b1676c7b4504');
INSERT INTO "public"."device_point" VALUES ('30367585c9aa4320a2b9e1b4e0c0b196', '0.100884955752212', '0.278659611992945', '62b194673e0449418172136582c72a33', '2c2f8d2b-85bd-4905-84c0-f1babdde0472');
INSERT INTO "public"."device_point" VALUES ('cbfaca75be4a49acb3e8784841bb0d2e', '0.474336283185841', '0.342151675485009', 'd95f6d67bc254a82a32ecf40d321c38d', '8e321118-414d-4622-ae24-b943b6c36487');
INSERT INTO "public"."device_point" VALUES ('72a38d21a18f4633b64be8a0487d0124', '0.495575221238938', '0.55379188712522', '175e9545a17149f8bc985e6bd94110d7', 'e5230276-8d6d-45bc-9f96-5ed5c0bcc5d2');
INSERT INTO "public"."device_point" VALUES ('81a53a4e330f4520818ac4eca108d6e6', '0.52212389380531', '0.342151675485009', '45771b4ce1c3475ba4c4b1c8068b52f1', '821b722c-ab6a-4307-bce4-34d9db118b07');
INSERT INTO "public"."device_point" VALUES ('49c24a579b5542c6bd413f99aa705f24', '0.541592920353982', '0.55379188712522', 'ecde46497280410bbd893b619b00d6c4', 'e5c510af-e6b5-4eda-851f-b279b2cab06e');
INSERT INTO "public"."device_point" VALUES ('4d6e91e655b54aee98ebbd5e795cd473', '0.568141592920354', '0.347442680776014', 'ba4418ef216e43199342c96ed7e74a47', '1fad9282-f5c0-4229-9980-6fdf387b11b7');
INSERT INTO "public"."device_point" VALUES ('0f9dbd7442c2401b9a31f2fabfc5c07c', '0.592920353982301', '0.552028218694885', '66e2dadc6327434e95711d26b9ec60f1', '2239755f-395c-4666-880f-eb92945a7c32');
INSERT INTO "public"."device_point" VALUES ('e1b1d1f20d12420aa122fcfd69bf06f4', '0.617699115044248', '0.345679012345679', '0809235077e44f859dc28d0c07d32236', '101ce471-99df-4a87-8307-e8e3dd334731');
INSERT INTO "public"."device_point" VALUES ('dd128a81d5244d178d6ef37d8236e954', '0.63716814159292', '0.557319223985891', '4c1dc6f142f342bca60eb8eb3654a333', '30d54276-f2f0-4181-9c55-68fb424346d8');
INSERT INTO "public"."device_point" VALUES ('75dc212da86742beb2f4948729fa42bc', '0.665486725663717', '0.342151675485009', '98da6da2c05446feb423063b3531496b', 'fd56ac18-1305-48f2-907d-45b3a98de9ff');
INSERT INTO "public"."device_point" VALUES ('d488b16b54a24b15a841e04eb29f7799', '0.68141592920354', '0.55026455026455', '375bba2ddcc044239239afe312692e16', 'dafd8c99-d9e8-4bcf-a1fc-9e8d9862f41d');
INSERT INTO "public"."device_point" VALUES ('d4492126fdc24a07858be6eed3b31f41', '0.71858407079646', '0.335097001763668', '85dbf5a457f34a6090286f2aebb118d5', '539569ba-0cdf-4ddb-8f88-765500fe663d');
INSERT INTO "public"."device_point" VALUES ('976fb438322e4a86b18d36b4d3a0734b', '0.732743362831858', '0.548500881834215', '6f1d5ed1a15b4f0c97f12ca9d70fb8de', '64f88392-2852-425c-a0a1-f565894867ba');
INSERT INTO "public"."device_point" VALUES ('4b8ec1a560764a8181459b8f6793f404', '0.784070796460177', '0.54673721340388', 'ce12a378f5634e8387907e0325f6a113', 'e774bb80-fefe-4ce4-8850-fdafcba32261');
INSERT INTO "public"."device_point" VALUES ('c47578ce287c49a9b85c2337b6d01572', '0.755752212389381', '0.340388007054674', '88cb9c193f364749ac1d8a81f4486b31', '6e97375a-552a-44b4-a6b7-555a8bba6cd0');
INSERT INTO "public"."device_point" VALUES ('f236361886b94e8cb5802e92a5b016b0', '0.814159292035398', '0.326278659611993', 'beb34f57155741b2a366a230f7165deb', 'bc10cb97-c5f8-49cc-a341-a22c26d9e691');
INSERT INTO "public"."device_point" VALUES ('5140416800324fce822ed81e0cde8086', '0.19646017699115', '0.703703703703704', '84d7ceb236574124b5de5946d914a4bd', 'f26ad5e0-0df3-4006-9dfd-245135251aaf');
INSERT INTO "public"."device_point" VALUES ('7700aa5e115445dcae6688b3d6fad686', '0.323893805309734', '0.285714285714286', '6dd00b4b9b9641abaa0f64e749bebb17', 'c01446fa-1b3c-4ae3-8228-742bda414623');
INSERT INTO "public"."device_point" VALUES ('51a8c7943f9a4a659909974fb0fe4b19', '0.350442477876106', '0.694885361552028', 'd9c2914d09e6463aba2134270d823685', '6b67f803-aebe-4c3c-a18d-95a96b877ce3');
INSERT INTO "public"."device_point" VALUES ('72cff74d52714047b82df3ebcbc432b2', '0.375221238938053', '0.289241622574956', 'd6ecb2d38cda482fa655997466741ddb', '95f5bc8a-3537-42cb-abdb-24bf0a45936a');
INSERT INTO "public"."device_point" VALUES ('52cd1247b5724ed0a3c89303e998b58c', '0.39646017699115', '0.696649029982363', '661efe5f336a46108ffb392e8c6061c3', '59863d46-a553-4b77-991f-efb74112b4ac');
INSERT INTO "public"."device_point" VALUES ('8122b5fab7bf4251b6a012427102affa', '0.385840707964602', '0.751322751322751', '356085f6228a4489b15bfb2bb691d981', 'b291e4f2-69c8-4b5f-8da3-841d93bac572');
INSERT INTO "public"."device_point" VALUES ('25c1d2ba04974963b6e3661b8dc57e83', '0.424778761061947', '0.291005291005291', 'e3d39c3e5c12416ebfd9647857e0b7d4', '9480d01c-2bea-45ec-bd60-9f443e4f0807');
INSERT INTO "public"."device_point" VALUES ('f01c05f1a03c402fb109e8509bf4ea8b', '0.449557522123894', '0.693121693121693', '471824f6d36a4eac96ebe8069b39ddc5', 'fdd7fe15-7348-460b-a519-29b8a4ccb5eb');
INSERT INTO "public"."device_point" VALUES ('e8b493405fd74322831dc21a95f37927', '0.476106194690265', '0.292768959435626', '221270f045c04436abb7909729361a3e', '6e51719b-2587-4029-bce9-01ca36f55f53');
INSERT INTO "public"."device_point" VALUES ('cc6abbbc9d614156a4b8d2bbaf03a8b7', '0.502654867256637', '0.694885361552028', '5f62dd10df7a4d8aaa26685b342beb8f', 'e001bc59-604a-42db-83ef-d5c7387a3a73');
INSERT INTO "public"."device_point" VALUES ('db24da0eb3fb4bbe96d41a766d570b8b', '0.52212389380531', '0.287477954144621', '8efe1d77696a4ac0b047c3fbba281e3e', '6a3d1583-57e6-4dc3-b82c-9be2d9dcab1a');
INSERT INTO "public"."device_point" VALUES ('9e72f073b6874c3c93551f7b6430b3f5', '0.550442477876106', '0.696649029982363', '0bb5b791d94449e5b8ae492b16aa759e', '1d81ed1b-8b38-42da-a6b8-75a8d0863af5');
INSERT INTO "public"."device_point" VALUES ('5ee02d68a7514f64b34433f41349c558', '0.575221238938053', '0.282186948853616', 'b1f18405467a4ce9829bfa9736640043', 'eb2805d3-70d4-4c77-a1c8-102953e1081b');
INSERT INTO "public"."device_point" VALUES ('6a95769c49b34b1191299c192c198969', '0.6', '0.698412698412698', '7b0fedd08f5046a2871cdf78c72dc374', '7a5335f8-5e70-49c6-8ff7-5d2799076435');
INSERT INTO "public"."device_point" VALUES ('1b058ed68389481099636c6b7f62cb2e', '0.624778761061947', '0.285714285714286', '7d9c3260994c42a8957ea90ccc49f223', '0ea6fde5-f491-4f81-bb91-10f4524f0079');
INSERT INTO "public"."device_point" VALUES ('bb45eedb385e4db6bacd54d015f90956', '0.647787610619469', '0.698412698412698', 'bd9da866bda54f6c8223052ea4b882be', '8c0cb989-910f-4add-901a-c5cc0940c536');
INSERT INTO "public"."device_point" VALUES ('0dbffb3c9fa3459ab405ec796d42055b', '0.672566371681416', '0.287477954144621', '0a22c553cef846a29e152ba980b1589f', '3ef900b7-378a-4dcf-9286-f81827361609');
INSERT INTO "public"."device_point" VALUES ('ea66ffe5b1ee470b96bcc50d7d897d65', '0.700884955752212', '0.700176366843034', 'c528fd587b4a4bde980a446c343f7335', '688a421f-a53e-46c2-bcd1-1f2a66def28b');
INSERT INTO "public"."device_point" VALUES ('f5321ce462a34277932af6156535ca87', '0.725663716814159', '0.283950617283951', 'be519b83e3ab47b3af0c1c8232019464', '53113bd5-70d7-4b66-8cd4-339128da2e1e');
INSERT INTO "public"."device_point" VALUES ('bfc63a86bdc7435da4511d1515520ae1', '0.752212389380531', '0.696649029982363', '82fb8cfea3224aa3a128519645a93ddc', 'f78f1ab5-4e0c-40d7-b324-c3ec3877656f');
INSERT INTO "public"."device_point" VALUES ('989aa1ca6a2c4a55a18f31f09e0d552c', '0.750442477876106', '0.742504409171076', '796725168ce54518bebfad3536563f78', 'e716e1b6-b14a-40ac-acdc-c241de1a9784');
INSERT INTO "public"."device_point" VALUES ('4b740f4c1edd48b4bba3b206671b0e26', '0.776991150442478', '0.283950617283951', '7e794b1e3bca4db68cebe0b299faccc8', 'bd667791-7740-46ab-9b00-179645b581ea');
INSERT INTO "public"."device_point" VALUES ('bb4b5f9dd5a444a59265526c962de6ee', '0.794690265486726', '0.696649029982363', '0559ebeaacc24b0197a320e04284bb98', '2a78d689-c09b-4f54-b7e3-9f8007187f6c');
INSERT INTO "public"."device_point" VALUES ('6b199eb174594eb69d2d6fd358c616d6', '0.823008849557522', '0.749559082892416', '221fd5bc527e49ee8bea981799a735db', '54e3a956-2f83-4b89-b006-73a4a8b5ead9');
INSERT INTO "public"."device_point" VALUES ('2e7da3e506454d9397d864d2b8999423', '0.895575221238938', '0.178130511463845', '02bd9357282b4e5e85d64fdd2648f807', '65d7289a-d78d-4194-b8ba-a597fd7edfc3');
INSERT INTO "public"."device_point" VALUES ('4b28b6fdd5e8454ab13fea401ad16789', '0.323893805309734', '0.308641975308642', 'f85f09d46dba4e4caf125a75c58e8806', 'de4bf86a-4b16-4108-9e28-ef98311bcef4');
INSERT INTO "public"."device_point" VALUES ('aebffcb616134fc8acea0b434c94d040', '0.341592920353982', '0.72310405643739', '45e0cb3f35ef47baa570553e51b925bc', 'be340434-b23f-4d95-bf96-c52b2a89b380');
INSERT INTO "public"."device_point" VALUES ('f347a97ef342457bb4c9f76055ef5cd5', '0.373451327433628', '0.317460317460317', 'bbffb95fee4744d6836eb8f351dd4e16', '155c8105-f096-47f9-92de-c465d6a8d601');
INSERT INTO "public"."device_point" VALUES ('d66317ea127d45c08376034beaf24dec', '0.394690265486726', '0.72310405643739', 'caf3222196894455bc603032f319c117', 'a17651c8-1fae-4591-ae59-82774fd21608');
INSERT INTO "public"."device_point" VALUES ('7c1a4b0654304ae18b45347660befbe2', '0.421238938053097', '0.312169312169312', '19f39cf6f0204f0ea629cf316ddaa9eb', 'c8b220d9-2f54-429b-97c1-fbecf277af45');
INSERT INTO "public"."device_point" VALUES ('8b9ee665b8b34d82bd7573c69325b934', '0.453097345132743', '0.72663139329806', '9ccc9c48e0fe4878adeee5656d75c8b0', 'df7380c0-e20f-4ed7-8cb9-c784d2200a98');
INSERT INTO "public"."device_point" VALUES ('f5b8e6c68fc648eabb3f4661f66f9d1b', '0.472566371681416', '0.313932980599647', 'f0dc10b54aad4d32b8c0e26caadb0a0a', 'cf6634a7-652e-41e3-b4e1-3ae76f8697bb');
INSERT INTO "public"."device_point" VALUES ('d683de0e5ffd4ecd967cf6ac0c0de829', '0.499115044247788', '0.73015873015873', '515cba423c0244a6a2891bc1ca7fcf45', '05b35f8e-c23d-4e40-80b9-7103028b6c1a');
INSERT INTO "public"."device_point" VALUES ('8d543d52469546c7bf78b576d7808d2c', '0.493805309734513', '0.781305114638448', '3a9b95906e084a2895c40a770afa7724', '4a20fd0a-8249-4907-b4f9-26b660ecc7c3');
INSERT INTO "public"."device_point" VALUES ('655ff45f4fe044839f767a5354e2cb3f', '0.47787610619469', '0.788359788359788', 'aeba78385eeb457c93229f2edd607412', '8b95d59b-b8dd-4bd5-8f31-f0892f16198d');
INSERT INTO "public"."device_point" VALUES ('cd191d4ba97249c9a30baa55b8fdaa08', '0.525663716814159', '0.313932980599647', '44c2160ca5fb4c2184b8ded48a48891c', 'b03e956c-2cb2-4d97-a814-ef1408de28d9');
INSERT INTO "public"."device_point" VALUES ('86154b635f4544129183319fd24940cb', '0.576991150442478', '0.315696649029982', '0864c26df6cb40a08a38e3ef4135eb6e', '6135755e-a6e6-4790-b540-24ddb3cd83c8');
INSERT INTO "public"."device_point" VALUES ('9414a5046ac64cd998131a54e3d727d4', '0.6', '0.72663139329806', 'b04876b67caf43dd807215c4feee91d6', 'e32795de-0290-45c2-8d30-7ee7ec536cff');
INSERT INTO "public"."device_point" VALUES ('3f7c36ac27b941169a49c7c3cc67cbc6', '0.624778761061947', '0.315696649029982', 'fe0186910a4d4153bbdbd678371d3fe7', '27fa338b-712b-4a82-86d3-e02c6c3b8820');
INSERT INTO "public"."device_point" VALUES ('e8289ddf3595406da697526bfe659087', '0.653097345132743', '0.728395061728395', 'c4fa8e5264ff456dac3d6193f3693158', 'da9f3b84-b86c-473f-b42f-40214986a17c');
INSERT INTO "public"."device_point" VALUES ('57319f14b18c449daeda7831f49ab936', '0.67787610619469', '0.320987654320988', 'd9a4140505f04b8591b65ef08a838c93', 'fd381639-d21e-40b1-a80c-1e3a296a1f01');
INSERT INTO "public"."device_point" VALUES ('48f5d1e45aed4630be40ba2ffd12d295', '0.729203539823009', '0.317460317460317', '572f43c050574e3bbc7b62a123991676', '6fcd50ca-8628-461a-afa9-d12079571c11');
INSERT INTO "public"."device_point" VALUES ('0b0c2101d5004b0eb7d8e5d9cacc12c9', '0.748672566371681', '0.71957671957672', '7161daa9a9224acd83bb7a115a7e3d78', 'b400b8b7-0067-4da0-b1ae-3c1667a8194b');
INSERT INTO "public"."device_point" VALUES ('c660c30c93ef4165a4837d8e0720b041', '0.773451327433628', '0.320987654320988', 'd0a6649d63ea42529022f2e608263d5f', 'd1a2ecdf-1222-4410-a9c0-cd089e275c12');
INSERT INTO "public"."device_point" VALUES ('4eccb71353be425e8da9667430c9e5d9', '0.79646017699115', '0.721340388007055', '5a77144cfbb34c58be9f4be2e6f530b4', '6533496a-d2f4-443f-a624-32cec34e36a9');
INSERT INTO "public"."device_point" VALUES ('411cb82bcddf4bd5afd18d72cd2e1b22', '0.821238938053097', '0.776014109347443', '3f83063f08084884b8f9943ca02ccf14', '73549b73-8e9d-4ca5-a75c-56f2f08fa578');
INSERT INTO "public"."device_point" VALUES ('25208f9e69f443d09f2ce455678a4c0b', '0.897345132743363', '0.213403880070547', '5e5d0593cea24bdca8d4bacc9f91f67d', 'aa2e841c-7cca-49d1-9931-90a587cdace3');
INSERT INTO "public"."device_point" VALUES ('b9bf5a50d5894a22965a199b1464d938', '0.460176991150442', '0.747795414462081', 'b97957b228024ed1927a82e361668642', '33409f7e-3d09-46ef-b746-d8dc979b91d3');
INSERT INTO "public"."device_point" VALUES ('3bf8bfbb5f1444d9a1c716ceda8652c7', '0.176991150442478', '0.756613756613757', '5ed00f0f7a77498b959110f383cfee31', 'bc42eb6f-5603-4467-9485-4e71b169be36');
INSERT INTO "public"."device_point" VALUES ('c292a527762341e4819e6bc2ef76c7e5', '0.210619469026549', '0.243386243386243', 'dc909f62dedb4a988737fb8ef6a6fecc', '756d9568-5dc6-4d5a-ba65-56b0f8783a0b');
INSERT INTO "public"."device_point" VALUES ('97045453631b45008e5f038436d85260', '0.350442477876106', '0.738977072310406', '0440a2c617884e77b39e79a81d33c1f7', 'ce944b0a-8cf1-4c51-8117-b20d21b95866');
INSERT INTO "public"."device_point" VALUES ('f44ea70495a24df28bfede84d58daed2', '0.341592920353982', '0.271604938271605', '33677228d8a64b50849dcf22d40064f7', '2e4117ff-5db0-4b1c-9687-9faea68533e1');
INSERT INTO "public"."device_point" VALUES ('113c09a6adaa4e0e82efc9b53dff832d', '0.371681415929204', '0.686067019400353', '1db9c44c2e104884ad11baea3ede2f24', 'd1efe215-6457-4e51-bf05-1c1c63128b79');
INSERT INTO "public"."device_point" VALUES ('ea00f646913442dba7eaa591a9001b79', '0.392920353982301', '0.27689594356261', '509d5bc323cc4662926f40604e58bb65', '934270e9-d6f8-4286-bb02-6cd425e06edb');
INSERT INTO "public"."device_point" VALUES ('7750d09b98104a9f828f64e9c57a90a8', '0.424778761061947', '0.687830687830688', '2f83f1d37fcb4a988cc5c98a959ef236', 'e643b3ad-d2b4-4a53-acac-5d13bbd36827');
INSERT INTO "public"."device_point" VALUES ('6a955bf25e014e738b875d03b0634d81', '0.444247787610619', '0.275132275132275', 'c33b1ac1ea774bdcbaafd4ec86ee4612', 'aef26aba-8136-475d-9662-39435cb66b1d');
INSERT INTO "public"."device_point" VALUES ('b54b3d0eae584c95acabd878a5206433', '0.476106194690265', '0.689594356261023', '90c377de35064cb9b119a5eac88c2110', '1070b64b-1ad7-4bf0-bde9-bfe18dde595a');
INSERT INTO "public"."device_point" VALUES ('d7076e12bac1469b84cd57793c3814f9', '0.500884955752212', '0.27336860670194', '05869dcb795449c091cc4320903702ff', 'a9381ab6-9e0a-43fd-a93c-6bda57cf87ba');
INSERT INTO "public"."device_point" VALUES ('797a226a07734b1da36c737ef9e3efad', '0.532743362831858', '0.691358024691358', '1c05c847c7d94d838e7e3fc08b4c65c3', '330e0ea1-a9d7-48e5-8560-c3323011bcb4');
INSERT INTO "public"."device_point" VALUES ('e8ef49ae0bdc4468a4be075a338efbc8', '0.548672566371681', '0.27336860670194', '9c6a633d3316459da7375fdacc5b66df', 'af83eceb-abb3-4c86-a28d-2f3c066861c6');
INSERT INTO "public"."device_point" VALUES ('6d8c395c3b384745b8583d7d32b53f18', '0.582300884955752', '0.687830687830688', '5f23676be83d4bb28d2226897d4e249b', '22777e58-a32d-4343-96df-3ce2fd10b4bc');
INSERT INTO "public"."device_point" VALUES ('8d6a9b48b6484295b5250445e3523a50', '0.605309734513274', '0.275132275132275', 'a67d1c304b5944df9155b557e39122e9', '32c47dde-ee84-4174-9bca-9e46fbdd997c');
INSERT INTO "public"."device_point" VALUES ('ffaa4c149e68469fb3388c71be6dc8c4', '0.633628318584071', '0.682539682539683', 'a7bb3a2877bc414288c1d7bd1449c968', 'd657d365-d842-45b8-a0c6-6f98be8dcda0');
INSERT INTO "public"."device_point" VALUES ('ae257707eef14141b639983d67658511', '0.656637168141593', '0.275132275132275', '140a48ccf0fd4b0cbde7b85267aab963', 'c54bb23a-98ad-460e-9971-79592fff08ad');
INSERT INTO "public"."device_point" VALUES ('5d4b1fedf4ed43ac88a1a29ceb2f912c', '0.676106194690265', '0.740740740740741', 'c41f4be8e5f44ccb93e4e5bcd8e796c8', '721b05b8-18f5-400d-aa97-fbf881ab12ab');
INSERT INTO "public"."device_point" VALUES ('37d9e018f82c40cdaf131745c7c022ef', '0.709734513274336', '0.271604938271605', 'ebe0fabffde14ac989d66055fadd5c19', 'ed3836ac-12f0-4e76-8cd8-09e816fa4069');
INSERT INTO "public"."device_point" VALUES ('f1de806e0d474218952551bda5184851', '0.734513274336283', '0.682539682539683', '3e5098e65434437d946d088cd5c4ba51', '5d184c9a-6444-48ff-9a9e-abd5ae495e57');
INSERT INTO "public"."device_point" VALUES ('0c3c7e39c16a4251a5f978cebf906153', '0.76283185840708', '0.27336860670194', '2af164b2d2d04a4088499a79017ac51a', '2da1004d-7afb-4d84-b293-a92752ad88fe');
INSERT INTO "public"."device_point" VALUES ('0b09ce7805b94479b6998088409d8a1c', '0.791150442477876', '0.691358024691358', '2ae9bf9dd0aa4e7d990e00419c7c72ba', '9aae2ecc-17f1-4a7b-a651-e1034d95d258');
INSERT INTO "public"."device_point" VALUES ('d85b9fc1db9544fcba42ad2558e1bf3a', '0.817699115044248', '0.271604938271605', '7009c9875ade4ae298064f248260f050', 'e9c6e31a-b0f3-4afb-8271-eabb8f5d61f0');
INSERT INTO "public"."device_point" VALUES ('ee65b69c842e4fcf90d683a9fa952a4e', '0.897345132743363', '0.742504409171076', '1596ffdf6f894b6a913b1e788a856dfa', 'b6b5f0c3-a405-4fa4-a917-bd2937f1cb66');
INSERT INTO "public"."device_point" VALUES ('7830698b7410451dbd3a7e99fccae63a', '0.338053097345133', '0.271604938271605', '35b095faa762438ca032fee6a48585eb', '668094a2-d15b-4c0a-a8cd-ab9b43ede006');
INSERT INTO "public"."device_point" VALUES ('64dab94bb713483b88032a469488d1e0', '0.364601769911504', '0.663139329805996', 'f30cbd316d74469aa83949d28a77448f', '8dd42be0-2259-4ba3-8778-633d44c84a83');
INSERT INTO "public"."device_point" VALUES ('f12457a3dea04aeb933c1fa2b2dc4018', '0.387610619469027', '0.26984126984127', 'd4e54367733a4fa4b804ab19516f5f76', '2597ddcd-03ae-4ee7-8738-47ad01312911');
INSERT INTO "public"."device_point" VALUES ('3feaf77c2b9d47adb8d4163d8614ad90', '0.419469026548673', '0.661375661375661', 'e5aee6601dc54557812cb76ece2d163a', '119958ec-561c-4a73-97fd-c2d0b8ac5f31');
INSERT INTO "public"."device_point" VALUES ('dbad93be56ae4581a80324a35ff105bb', '0.44070796460177', '0.26984126984127', '93e6dc76b98a4927a7dc5ef4e231f36c', '6590ef91-3b3f-4661-80f5-2c0812c12907');
INSERT INTO "public"."device_point" VALUES ('7292b3edc9e24895a4994c913f666f79', '0.474336283185841', '0.657848324514991', 'be3049160218455195d43225ac0b0559', '37d31a04-21af-4d3d-aa46-81b96dfd5c32');
INSERT INTO "public"."device_point" VALUES ('a587d3548f1e44359dde3b2ee2313bc9', '0.493805309734513', '0.268077601410935', 'b7943b22fa874362a79ac3a1699c2981', 'e7325096-7d8c-452f-99b3-fbde788a118d');
INSERT INTO "public"."device_point" VALUES ('70186dc1fb814b48bff0bb3cd3cd9b99', '0.529203539823009', '0.659611992945326', 'e2c27707b3fd429e97d93b49d29cc001', '0d656913-a089-4395-a7ee-23a7e7ec8857');
INSERT INTO "public"."device_point" VALUES ('d131d9c295014a86927279202a3e5ea5', '0.545132743362832', '0.268077601410935', '63b4adc75e6a470db46c5b68966cc0d3', 'b0fdeaf1-22d6-4b07-a558-82ae8d2d4905');
INSERT INTO "public"."device_point" VALUES ('d810314c9f0c4b7eaa77558fd2d37373', '0.582300884955752', '0.661375661375661', 'd9c09fcb12c3498e8c11653bdefde331', '10e7b804-2131-4b52-8690-5e41e5dc4496');
INSERT INTO "public"."device_point" VALUES ('5fee35149f2d43fc83f8398582b9c6bd', '0.601769911504425', '0.27336860670194', '0068c550b4ed4ec6a310aa3ac38bcb97', '8201c31a-14c6-4cf1-bb50-57d355da1468');
INSERT INTO "public"."device_point" VALUES ('386a1eaf24034909bc88c991d36199a0', '0.63716814159292', '0.664902998236332', '7b9c933db1394f26aa1b5da37080675f', '135e6cec-6fcc-43ca-a8e2-ebe12046e948');
INSERT INTO "public"."device_point" VALUES ('8023ccfdb9cf417f9b232691d9000bee', '0.658407079646018', '0.271604938271605', '5065fde71689440e831126599a946468', 'd05828e3-e1ea-4a9c-85ad-c02c758e4e66');
INSERT INTO "public"."device_point" VALUES ('e50772750d554d388e204272788a6963', '0.688495575221239', '0.663139329805996', '375402979d85440c9c5f0f16aa2d1181', '6d2116d8-e37b-4bc3-9f35-a8964678f75c');
INSERT INTO "public"."device_point" VALUES ('8f5d9c461b9040b8809fad931d09cb49', '0.198230088495575', '0.287477954144621', '65d160d1100240d5bff030e6297addd9', '7489b855-a80a-4ebc-a42f-127b453e330f');
INSERT INTO "public"."device_point" VALUES ('1ddfb638eddb469e989dcbbf1746f806', '0.907964601769911', '0.27689594356261', '0f3defbc737144d888c4b755b9f6538d', '6cf682bc-75a7-4c51-9852-1d31efb17f98');
INSERT INTO "public"."device_point" VALUES ('d49a1ccbca724ba4a074427019f8cc1d', '0.205309734513274', '0.144620811287478', 'e72535b3fc394ccb85d891dac7edf98b', '0c463d51-db18-49e0-b1f7-2f52b3a57d41');
INSERT INTO "public"."device_point" VALUES ('96c32ae9328e48efa20af18dd6c6e45f', '0.0867256637168142', '0.148148148148148', '003eab391ff34c628aaf4c411c2ede0d', '54c880c4-d1d3-4b77-a42c-4d2af1329919');
INSERT INTO "public"."device_point" VALUES ('5513daa9cbe24fdfabfe7fa3f8622d2b', '0.210619469026549', '0.17636684303351', '8470ad36b68d4227aac47f41ccfe0fe4', '0e7d5d73-0d14-441e-b477-7720d78e2c57');
INSERT INTO "public"."device_point" VALUES ('621b360346834b32a7e7bb2f049625c6', '0.079646017699115', '0.174603174603175', '731cb733a1c141aa8422a4df8524f4f6', 'aaed2025-9a26-44b7-ae9c-8d925d9533f0');
INSERT INTO "public"."device_point" VALUES ('b6626d796f4141ada21b0c6d3942624a', '0.513274336283186', '0.377425044091711', '0a22c553cef846a29e152ba980b1589f', 'b0939d9f-e3dc-4799-948c-f2c624e18543');
INSERT INTO "public"."device_point" VALUES ('b969a5bea1a94f079a057c105764234f', '0.311504424778761', '0.333333333333333', ' ', '7a232413-88ca-40d9-af6c-05413bfad4c2');

-- ----------------------------
-- Table structure for device_rule
-- ----------------------------
DROP TABLE IF EXISTS "public"."device_rule";
CREATE TABLE "public"."device_rule" (
  "role_id" varchar(200) COLLATE "pg_catalog"."default" NOT NULL,
  "url" varchar(255) COLLATE "pg_catalog"."default"
)
;

-- ----------------------------
-- Records of device_rule
-- ----------------------------
INSERT INTO "public"."device_rule" VALUES ('6c509b3e-37fe-4f3a-8a90-95065f26272d', '\室内\1\1.jpg');
INSERT INTO "public"."device_rule" VALUES ('c30d4db3-21d0-4cc6-955f-070c7f76073a', '\室内\4\1.jpg');
INSERT INTO "public"."device_rule" VALUES ('87452f80-51ba-4adf-bf3c-9d0bffb58bf5', '\室内\4\1.jpg');
INSERT INTO "public"."device_rule" VALUES ('e32ad058-0b06-4e36-b507-534eb3872e38', '\室内\4\1.jpg');
INSERT INTO "public"."device_rule" VALUES ('961c68b8-a134-42bd-a8f5-d755cf10258a', '\室内\4\1.jpg');
INSERT INTO "public"."device_rule" VALUES ('b8740ad0-b90e-4266-b8e3-7b32d2538786', '\室内\4\1.jpg');
INSERT INTO "public"."device_rule" VALUES ('957a207a-4d32-4c7c-bf67-1020e55230d2', '\室内\4\1.jpg');
INSERT INTO "public"."device_rule" VALUES ('cec94d64-4487-43dd-a510-752da2dfc8c8', '\室内\4\1.jpg');
INSERT INTO "public"."device_rule" VALUES ('db19075b-18c9-418b-a129-57f3df358a45', '\室内\4\1.jpg');
INSERT INTO "public"."device_rule" VALUES ('f2280635-ecb0-46cc-9f08-91bed951b599', '\室内\4\1.jpg');
INSERT INTO "public"."device_rule" VALUES ('2f6d555c-755c-4487-b214-73ab0abf70c2', '\室内\4\1.jpg');
INSERT INTO "public"."device_rule" VALUES ('0c4cc881-1bdc-4125-8b6f-da26c39d3764', '\室内\4\1.jpg');
INSERT INTO "public"."device_rule" VALUES ('de720961-f653-411f-b55f-c1c72aac3953', '\室内\4\1.jpg');
INSERT INTO "public"."device_rule" VALUES ('adba4f3d-1774-443d-a092-3184384f22ac', '\室内\4\1.jpg');
INSERT INTO "public"."device_rule" VALUES ('8e032bfa-85a2-449f-b102-6f2f71ed7360', '\室内\4\1.jpg');
INSERT INTO "public"."device_rule" VALUES ('abc515c4-61da-4644-90fd-779be5558e89', '\室内\4\1.jpg');
INSERT INTO "public"."device_rule" VALUES ('0fa285ee-f178-453c-b9b2-9d98df3cba60', '\室内\4\1.jpg');
INSERT INTO "public"."device_rule" VALUES ('cd90e17c-96e5-4a9f-a1cc-ef06734ee3b0', '\室内\4\1.jpg');
INSERT INTO "public"."device_rule" VALUES ('8e1a368f-d8fc-492e-8b3b-90bd6e613285', '\室内\4\1.jpg');
INSERT INTO "public"."device_rule" VALUES ('f62b7518-ca7d-4d85-98ed-f1ca3d063dfe', '\室内\4\1.jpg');
INSERT INTO "public"."device_rule" VALUES ('88d9173f-62b2-46db-afa3-b74bf1aef62f', '\室内\4\2.jpg');
INSERT INTO "public"."device_rule" VALUES ('4641bbb5-aca3-4cd4-a985-84d1b82584e3', '\室内\4\2.jpg');
INSERT INTO "public"."device_rule" VALUES ('6be08dee-233d-42f3-83f4-e353ab6c08b7', '\室内\4\2.jpg');
INSERT INTO "public"."device_rule" VALUES ('34b64a13-f468-468a-878c-6246cfffd1ca', '\室内\4\2.jpg');
INSERT INTO "public"."device_rule" VALUES ('dd3a29f5-dd45-413f-938c-64e022b187d5', '\室内\4\2.jpg');
INSERT INTO "public"."device_rule" VALUES ('c59ccb9f-4aba-4e71-9a6d-d14957bbada7', '\室内\4\2.jpg');
INSERT INTO "public"."device_rule" VALUES ('2ec578e4-ff4f-4f1a-8f0a-7e033c2e89ba', '\室内\4\2.jpg');
INSERT INTO "public"."device_rule" VALUES ('6c8a0434-7a90-4c1d-8652-3f79f714acff', '\室内\4\2.jpg');
INSERT INTO "public"."device_rule" VALUES ('ed1844bc-594a-462f-8c67-c58e72ae4431', '\室内\4\2.jpg');
INSERT INTO "public"."device_rule" VALUES ('68639db0-5cbe-4a69-b88a-500db80befe6', '\室内\4\2.jpg');
INSERT INTO "public"."device_rule" VALUES ('d5595e24-1d00-4b1f-9389-0847d8b88d35', '\室内\4\2.jpg');
INSERT INTO "public"."device_rule" VALUES ('9dcdadcf-8988-40d8-9778-48afe8bf68b8', '\室内\4\2.jpg');
INSERT INTO "public"."device_rule" VALUES ('85dc2f31-e641-4932-bc1b-83e714a8664a', '\室内\4\2.jpg');
INSERT INTO "public"."device_rule" VALUES ('4d2e447c-df56-4f40-a071-95fa0447924c', '\室内\4\2.jpg');
INSERT INTO "public"."device_rule" VALUES ('c546f292-c818-48a9-b051-7e9da72c3661', '\室内\4\2.jpg');
INSERT INTO "public"."device_rule" VALUES ('7bc441de-d1f9-4130-8fa3-637ec3b150fc', '\室内\5\2.jpg');
INSERT INTO "public"."device_rule" VALUES ('6cc3d303-a23a-4052-8d67-d6aef220023a', '\室内\5\2.jpg');
INSERT INTO "public"."device_rule" VALUES ('982920f2-703d-4c44-b832-b62f4383cc03', '\室内\5\2.jpg');
INSERT INTO "public"."device_rule" VALUES ('12fbcebd-c217-42d6-ba0a-17685e5263f8', '\室内\5\2.jpg');
INSERT INTO "public"."device_rule" VALUES ('94970898-2755-4676-94cc-a45a52798b21', '\室内\5\2.jpg');
INSERT INTO "public"."device_rule" VALUES ('1bb3320d-2edc-4d67-a1aa-422df0efbb89', '\室内\5\2.jpg');
INSERT INTO "public"."device_rule" VALUES ('29d00839-5dd4-49fd-abef-d2fd5fd35ed4', '\室内\5\2.jpg');
INSERT INTO "public"."device_rule" VALUES ('0362117c-bbe0-40a1-8f86-7c203603693d', '\室内\5\2.jpg');
INSERT INTO "public"."device_rule" VALUES ('a55db4cc-92ce-425b-995d-e52d7359d5fa', '\室内\5\2.jpg');
INSERT INTO "public"."device_rule" VALUES ('555deb75-2629-4740-a2c3-daaf2de77341', '\室内\5\3.jpg');
INSERT INTO "public"."device_rule" VALUES ('80d0cb71-d802-4cb9-8741-cd517f131df7', '\室内\5\3.jpg');
INSERT INTO "public"."device_rule" VALUES ('04b81600-bbcd-4cfd-a513-a94ed63197dc', '\室内\5\3.jpg');
INSERT INTO "public"."device_rule" VALUES ('87c77fb6-e311-48f2-a0ab-27f1816467a5', '\室内\5\3.jpg');
INSERT INTO "public"."device_rule" VALUES ('9a6384e6-7d5b-4b3c-8651-2cef141d4cad', '\室内\5\3.jpg');
INSERT INTO "public"."device_rule" VALUES ('688f9408-868e-45c3-a871-8e1a60a2cfe3', '\室内\5\3.jpg');
INSERT INTO "public"."device_rule" VALUES ('e007d0b1-afc2-43c4-9303-7bf9a151e618', '\室内\5\3.jpg');
INSERT INTO "public"."device_rule" VALUES ('37bedc2a-e9a6-4698-80ed-884a8eed484e', '\室内\5\4.jpg');
INSERT INTO "public"."device_rule" VALUES ('6db19fcf-3f06-4ad5-9aa2-61ab9c6d0619', '\室内\5\4.jpg');
INSERT INTO "public"."device_rule" VALUES ('e0c04433-6948-4868-b4be-5c526fcb3d97', '\室内\5\4.jpg');
INSERT INTO "public"."device_rule" VALUES ('9f35ea91-cc38-4642-bd51-f984689a70fc', '\室内\5\4.jpg');
INSERT INTO "public"."device_rule" VALUES ('27518d3a-18a8-4ebc-864f-9d45519e9b62', '\室内\5\4.jpg');
INSERT INTO "public"."device_rule" VALUES ('33dd7c1f-0063-4de8-8382-533e00222d68', '\室内\5\4.jpg');
INSERT INTO "public"."device_rule" VALUES ('fef84e7a-428b-4e4b-a2f7-9aa3b827d064', '\室内\5\4.jpg');
INSERT INTO "public"."device_rule" VALUES ('038ab99e-2ac1-4d0d-b6ad-16b688e5adc3', '\室内\5\4.jpg');
INSERT INTO "public"."device_rule" VALUES ('707c31dc-3ed0-4441-8071-52cccd0b1e48', '\室内\5\4.jpg');
INSERT INTO "public"."device_rule" VALUES ('e6f056cc-5024-4319-a250-25e99ff7bd61', '\室内\5\4.jpg');
INSERT INTO "public"."device_rule" VALUES ('fe9e28c8-8b89-4881-909c-e6446b94b232', '\室内\5\4.jpg');
INSERT INTO "public"."device_rule" VALUES ('6e55c986-f294-478e-b516-6b4042039b77', '\室内\5\4.jpg');
INSERT INTO "public"."device_rule" VALUES ('3b54130f-5299-4dc4-85f2-3fde61808d95', '\室内\6\1.jpg');
INSERT INTO "public"."device_rule" VALUES ('98d91457-f5b8-4b8c-9d6e-17cd0606337b', '\室内\6\1.jpg');
INSERT INTO "public"."device_rule" VALUES ('4e71f578-da87-4898-b230-2943db70e8ce', '\室内\6\1.jpg');
INSERT INTO "public"."device_rule" VALUES ('f1911087-fb4d-4b5f-8a5d-178326648351', '\室内\6\1.jpg');
INSERT INTO "public"."device_rule" VALUES ('b2fac057-74c7-4326-896f-bd91af2315fa', '\室内\6\1.jpg');
INSERT INTO "public"."device_rule" VALUES ('31b39813-7f58-4938-844c-de0bbbe9dece', '\室内\6\1.jpg');
INSERT INTO "public"."device_rule" VALUES ('2c2f8d2b-85bd-4905-84c0-f1babdde0472', '\室内\6\2.jpg');
INSERT INTO "public"."device_rule" VALUES ('f22373d3-16ab-48e8-a886-5dff5a4da31a', '\室内\6\2.jpg');
INSERT INTO "public"."device_rule" VALUES ('5f0f2250-3f8d-42c3-a912-243fe8e122c7', '\室内\6\2.jpg');
INSERT INTO "public"."device_rule" VALUES ('228272da-120c-4a6a-ba9e-66d08e67aa9e', '\室内\6\2.jpg');
INSERT INTO "public"."device_rule" VALUES ('f028d13c-d404-45a7-8e13-83939d61875c', '\室内\6\2.jpg');
INSERT INTO "public"."device_rule" VALUES ('7a32e155-bb02-4241-8672-655c659a02d3', '\室内\6\2.jpg');
INSERT INTO "public"."device_rule" VALUES ('20af11e5-6beb-41bd-9760-29a8a200cf8c', '\室内\6\2.jpg');
INSERT INTO "public"."device_rule" VALUES ('e82ce2cb-d7bf-42b5-b3f6-d7d1a2e82f80', '\室内\6\2.jpg');
INSERT INTO "public"."device_rule" VALUES ('439fc69e-b206-4f02-b255-e5cd3fc0e8ce', '\室内\6\2.jpg');
INSERT INTO "public"."device_rule" VALUES ('2cd1c222-b8a7-4636-8e47-b1676c7b4504', '\室内\6\2.jpg');
INSERT INTO "public"."device_rule" VALUES ('8e321118-414d-4622-ae24-b943b6c36487', '\室内\6\2.jpg');
INSERT INTO "public"."device_rule" VALUES ('e5230276-8d6d-45bc-9f96-5ed5c0bcc5d2', '\室内\6\2.jpg');
INSERT INTO "public"."device_rule" VALUES ('821b722c-ab6a-4307-bce4-34d9db118b07', '\室内\6\2.jpg');
INSERT INTO "public"."device_rule" VALUES ('e5c510af-e6b5-4eda-851f-b279b2cab06e', '\室内\6\2.jpg');
INSERT INTO "public"."device_rule" VALUES ('1fad9282-f5c0-4229-9980-6fdf387b11b7', '\室内\6\2.jpg');
INSERT INTO "public"."device_rule" VALUES ('2239755f-395c-4666-880f-eb92945a7c32', '\室内\6\2.jpg');
INSERT INTO "public"."device_rule" VALUES ('101ce471-99df-4a87-8307-e8e3dd334731', '\室内\6\2.jpg');
INSERT INTO "public"."device_rule" VALUES ('30d54276-f2f0-4181-9c55-68fb424346d8', '\室内\6\2.jpg');
INSERT INTO "public"."device_rule" VALUES ('fd56ac18-1305-48f2-907d-45b3a98de9ff', '\室内\6\2.jpg');
INSERT INTO "public"."device_rule" VALUES ('dafd8c99-d9e8-4bcf-a1fc-9e8d9862f41d', '\室内\6\2.jpg');
INSERT INTO "public"."device_rule" VALUES ('539569ba-0cdf-4ddb-8f88-765500fe663d', '\室内\6\2.jpg');
INSERT INTO "public"."device_rule" VALUES ('65a3a55a-62f8-4011-a822-6a5749a90065', '\室内\6\2.jpg');
INSERT INTO "public"."device_rule" VALUES ('64f88392-2852-425c-a0a1-f565894867ba', '\室内\6\2.jpg');
INSERT INTO "public"."device_rule" VALUES ('e774bb80-fefe-4ce4-8850-fdafcba32261', '\室内\6\2.jpg');
INSERT INTO "public"."device_rule" VALUES ('6cf682bc-75a7-4c51-9852-1d31efb17f98', '\室内\6\2.jpg');
INSERT INTO "public"."device_rule" VALUES ('6e97375a-552a-44b4-a6b7-555a8bba6cd0', '\室内\6\2.jpg');
INSERT INTO "public"."device_rule" VALUES ('bc10cb97-c5f8-49cc-a341-a22c26d9e691', '\室内\6\2.jpg');
INSERT INTO "public"."device_rule" VALUES ('f26ad5e0-0df3-4006-9dfd-245135251aaf', '\室内\6\5.jpg');
INSERT INTO "public"."device_rule" VALUES ('c01446fa-1b3c-4ae3-8228-742bda414623', '\室内\6\5.jpg');
INSERT INTO "public"."device_rule" VALUES ('6b67f803-aebe-4c3c-a18d-95a96b877ce3', '\室内\6\5.jpg');
INSERT INTO "public"."device_rule" VALUES ('95f5bc8a-3537-42cb-abdb-24bf0a45936a', '\室内\6\5.jpg');
INSERT INTO "public"."device_rule" VALUES ('59863d46-a553-4b77-991f-efb74112b4ac', '\室内\6\5.jpg');
INSERT INTO "public"."device_rule" VALUES ('b291e4f2-69c8-4b5f-8da3-841d93bac572', '\室内\6\5.jpg');
INSERT INTO "public"."device_rule" VALUES ('9480d01c-2bea-45ec-bd60-9f443e4f0807', '\室内\6\5.jpg');
INSERT INTO "public"."device_rule" VALUES ('fdd7fe15-7348-460b-a519-29b8a4ccb5eb', '\室内\6\5.jpg');
INSERT INTO "public"."device_rule" VALUES ('6e51719b-2587-4029-bce9-01ca36f55f53', '\室内\6\5.jpg');
INSERT INTO "public"."device_rule" VALUES ('e001bc59-604a-42db-83ef-d5c7387a3a73', '\室内\6\5.jpg');
INSERT INTO "public"."device_rule" VALUES ('6a3d1583-57e6-4dc3-b82c-9be2d9dcab1a', '\室内\6\5.jpg');
INSERT INTO "public"."device_rule" VALUES ('1d81ed1b-8b38-42da-a6b8-75a8d0863af5', '\室内\6\5.jpg');
INSERT INTO "public"."device_rule" VALUES ('eb2805d3-70d4-4c77-a1c8-102953e1081b', '\室内\6\5.jpg');
INSERT INTO "public"."device_rule" VALUES ('7a5335f8-5e70-49c6-8ff7-5d2799076435', '\室内\6\5.jpg');
INSERT INTO "public"."device_rule" VALUES ('0ea6fde5-f491-4f81-bb91-10f4524f0079', '\室内\6\5.jpg');
INSERT INTO "public"."device_rule" VALUES ('8c0cb989-910f-4add-901a-c5cc0940c536', '\室内\6\5.jpg');
INSERT INTO "public"."device_rule" VALUES ('3ef900b7-378a-4dcf-9286-f81827361609', '\室内\6\5.jpg');
INSERT INTO "public"."device_rule" VALUES ('688a421f-a53e-46c2-bcd1-1f2a66def28b', '\室内\6\5.jpg');
INSERT INTO "public"."device_rule" VALUES ('53113bd5-70d7-4b66-8cd4-339128da2e1e', '\室内\6\5.jpg');
INSERT INTO "public"."device_rule" VALUES ('f78f1ab5-4e0c-40d7-b324-c3ec3877656f', '\室内\6\5.jpg');
INSERT INTO "public"."device_rule" VALUES ('e716e1b6-b14a-40ac-acdc-c241de1a9784', '\室内\6\5.jpg');
INSERT INTO "public"."device_rule" VALUES ('bd667791-7740-46ab-9b00-179645b581ea', '\室内\6\5.jpg');
INSERT INTO "public"."device_rule" VALUES ('2a78d689-c09b-4f54-b7e3-9f8007187f6c', '\室内\6\5.jpg');
INSERT INTO "public"."device_rule" VALUES ('54e3a956-2f83-4b89-b006-73a4a8b5ead9', '\室内\6\5.jpg');
INSERT INTO "public"."device_rule" VALUES ('65d7289a-d78d-4194-b8ba-a597fd7edfc3', '\室内\6\5.jpg');
INSERT INTO "public"."device_rule" VALUES ('de4bf86a-4b16-4108-9e28-ef98311bcef4', '\室内\6\6.jpg');
INSERT INTO "public"."device_rule" VALUES ('be340434-b23f-4d95-bf96-c52b2a89b380', '\室内\6\6.jpg');
INSERT INTO "public"."device_rule" VALUES ('155c8105-f096-47f9-92de-c465d6a8d601', '\室内\6\6.jpg');
INSERT INTO "public"."device_rule" VALUES ('a17651c8-1fae-4591-ae59-82774fd21608', '\室内\6\6.jpg');
INSERT INTO "public"."device_rule" VALUES ('c8b220d9-2f54-429b-97c1-fbecf277af45', '\室内\6\6.jpg');
INSERT INTO "public"."device_rule" VALUES ('df7380c0-e20f-4ed7-8cb9-c784d2200a98', '\室内\6\6.jpg');
INSERT INTO "public"."device_rule" VALUES ('cf6634a7-652e-41e3-b4e1-3ae76f8697bb', '\室内\6\6.jpg');
INSERT INTO "public"."device_rule" VALUES ('05b35f8e-c23d-4e40-80b9-7103028b6c1a', '\室内\6\6.jpg');
INSERT INTO "public"."device_rule" VALUES ('4a20fd0a-8249-4907-b4f9-26b660ecc7c3', '\室内\6\6.jpg');
INSERT INTO "public"."device_rule" VALUES ('8b95d59b-b8dd-4bd5-8f31-f0892f16198d', '\室内\6\6.jpg');
INSERT INTO "public"."device_rule" VALUES ('b03e956c-2cb2-4d97-a814-ef1408de28d9', '\室内\6\6.jpg');
INSERT INTO "public"."device_rule" VALUES ('6135755e-a6e6-4790-b540-24ddb3cd83c8', '\室内\6\6.jpg');
INSERT INTO "public"."device_rule" VALUES ('e32795de-0290-45c2-8d30-7ee7ec536cff', '\室内\6\6.jpg');
INSERT INTO "public"."device_rule" VALUES ('27fa338b-712b-4a82-86d3-e02c6c3b8820', '\室内\6\6.jpg');
INSERT INTO "public"."device_rule" VALUES ('da9f3b84-b86c-473f-b42f-40214986a17c', '\室内\6\6.jpg');
INSERT INTO "public"."device_rule" VALUES ('fd381639-d21e-40b1-a80c-1e3a296a1f01', '\室内\6\6.jpg');
INSERT INTO "public"."device_rule" VALUES ('6fcd50ca-8628-461a-afa9-d12079571c11', '\室内\6\6.jpg');
INSERT INTO "public"."device_rule" VALUES ('b400b8b7-0067-4da0-b1ae-3c1667a8194b', '\室内\6\6.jpg');
INSERT INTO "public"."device_rule" VALUES ('d1a2ecdf-1222-4410-a9c0-cd089e275c12', '\室内\6\6.jpg');
INSERT INTO "public"."device_rule" VALUES ('6533496a-d2f4-443f-a624-32cec34e36a9', '\室内\6\6.jpg');
INSERT INTO "public"."device_rule" VALUES ('73549b73-8e9d-4ca5-a75c-56f2f08fa578', '\室内\6\6.jpg');
INSERT INTO "public"."device_rule" VALUES ('aa2e841c-7cca-49d1-9931-90a587cdace3', '\室内\6\6.jpg');
INSERT INTO "public"."device_rule" VALUES ('b0d67a22-3fa2-40c3-9227-0e21f71a576c', '\室内\7\1.jpg');
INSERT INTO "public"."device_rule" VALUES ('bc42eb6f-5603-4467-9485-4e71b169be36', '\室内\7\1.jpg');
INSERT INTO "public"."device_rule" VALUES ('756d9568-5dc6-4d5a-ba65-56b0f8783a0b', '\室内\7\1.jpg');
INSERT INTO "public"."device_rule" VALUES ('ce944b0a-8cf1-4c51-8117-b20d21b95866', '\室内\7\1.jpg');
INSERT INTO "public"."device_rule" VALUES ('2e4117ff-5db0-4b1c-9687-9faea68533e1', '\室内\7\1.jpg');
INSERT INTO "public"."device_rule" VALUES ('d1efe215-6457-4e51-bf05-1c1c63128b79', '\室内\7\1.jpg');
INSERT INTO "public"."device_rule" VALUES ('934270e9-d6f8-4286-bb02-6cd425e06edb', '\室内\7\1.jpg');
INSERT INTO "public"."device_rule" VALUES ('e643b3ad-d2b4-4a53-acac-5d13bbd36827', '\室内\7\1.jpg');
INSERT INTO "public"."device_rule" VALUES ('aef26aba-8136-475d-9662-39435cb66b1d', '\室内\7\1.jpg');
INSERT INTO "public"."device_rule" VALUES ('1070b64b-1ad7-4bf0-bde9-bfe18dde595a', '\室内\7\1.jpg');
INSERT INTO "public"."device_rule" VALUES ('33409f7e-3d09-46ef-b746-d8dc979b91d3', '\室内\7\1.jpg');
INSERT INTO "public"."device_rule" VALUES ('a9381ab6-9e0a-43fd-a93c-6bda57cf87ba', '\室内\7\1.jpg');
INSERT INTO "public"."device_rule" VALUES ('330e0ea1-a9d7-48e5-8560-c3323011bcb4', '\室内\7\1.jpg');
INSERT INTO "public"."device_rule" VALUES ('af83eceb-abb3-4c86-a28d-2f3c066861c6', '\室内\7\1.jpg');
INSERT INTO "public"."device_rule" VALUES ('22777e58-a32d-4343-96df-3ce2fd10b4bc', '\室内\7\1.jpg');
INSERT INTO "public"."device_rule" VALUES ('32c47dde-ee84-4174-9bca-9e46fbdd997c', '\室内\7\1.jpg');
INSERT INTO "public"."device_rule" VALUES ('d657d365-d842-45b8-a0c6-6f98be8dcda0', '\室内\7\1.jpg');
INSERT INTO "public"."device_rule" VALUES ('c54bb23a-98ad-460e-9971-79592fff08ad', '\室内\7\1.jpg');
INSERT INTO "public"."device_rule" VALUES ('721b05b8-18f5-400d-aa97-fbf881ab12ab', '\室内\7\1.jpg');
INSERT INTO "public"."device_rule" VALUES ('ed3836ac-12f0-4e76-8cd8-09e816fa4069', '\室内\7\1.jpg');
INSERT INTO "public"."device_rule" VALUES ('5d184c9a-6444-48ff-9a9e-abd5ae495e57', '\室内\7\1.jpg');
INSERT INTO "public"."device_rule" VALUES ('2da1004d-7afb-4d84-b293-a92752ad88fe', '\室内\7\1.jpg');
INSERT INTO "public"."device_rule" VALUES ('9aae2ecc-17f1-4a7b-a651-e1034d95d258', '\室内\7\1.jpg');
INSERT INTO "public"."device_rule" VALUES ('e9c6e31a-b0f3-4afb-8271-eabb8f5d61f0', '\室内\7\1.jpg');
INSERT INTO "public"."device_rule" VALUES ('b6b5f0c3-a405-4fa4-a917-bd2937f1cb66', '\室内\7\1.jpg');
INSERT INTO "public"."device_rule" VALUES ('668094a2-d15b-4c0a-a8cd-ab9b43ede006', '\室内\7\3.jpg');
INSERT INTO "public"."device_rule" VALUES ('8dd42be0-2259-4ba3-8778-633d44c84a83', '\室内\7\3.jpg');
INSERT INTO "public"."device_rule" VALUES ('2597ddcd-03ae-4ee7-8738-47ad01312911', '\室内\7\3.jpg');
INSERT INTO "public"."device_rule" VALUES ('119958ec-561c-4a73-97fd-c2d0b8ac5f31', '\室内\7\3.jpg');
INSERT INTO "public"."device_rule" VALUES ('6590ef91-3b3f-4661-80f5-2c0812c12907', '\室内\7\3.jpg');
INSERT INTO "public"."device_rule" VALUES ('37d31a04-21af-4d3d-aa46-81b96dfd5c32', '\室内\7\3.jpg');
INSERT INTO "public"."device_rule" VALUES ('e7325096-7d8c-452f-99b3-fbde788a118d', '\室内\7\3.jpg');
INSERT INTO "public"."device_rule" VALUES ('0d656913-a089-4395-a7ee-23a7e7ec8857', '\室内\7\3.jpg');
INSERT INTO "public"."device_rule" VALUES ('b0fdeaf1-22d6-4b07-a558-82ae8d2d4905', '\室内\7\3.jpg');
INSERT INTO "public"."device_rule" VALUES ('10e7b804-2131-4b52-8690-5e41e5dc4496', '\室内\7\3.jpg');
INSERT INTO "public"."device_rule" VALUES ('8201c31a-14c6-4cf1-bb50-57d355da1468', '\室内\7\3.jpg');
INSERT INTO "public"."device_rule" VALUES ('135e6cec-6fcc-43ca-a8e2-ebe12046e948', '\室内\7\3.jpg');
INSERT INTO "public"."device_rule" VALUES ('d05828e3-e1ea-4a9c-85ad-c02c758e4e66', '\室内\7\3.jpg');
INSERT INTO "public"."device_rule" VALUES ('6d2116d8-e37b-4bc3-9f35-a8964678f75c', '\室内\7\3.jpg');
INSERT INTO "public"."device_rule" VALUES ('af81691f-112f-4075-a0fa-8ca4d63bff3b', '\室内\1\1.jpg');
INSERT INTO "public"."device_rule" VALUES ('0df75bb1-548f-43f6-8c2b-8bf55c6ecd6b', '\室内\1\1.jpg');
INSERT INTO "public"."device_rule" VALUES ('7489b855-a80a-4ebc-a42f-127b453e330f', '\室内\6\2.jpg');
INSERT INTO "public"."device_rule" VALUES ('29050301-2304-407c-bc90-262b82a6b660', '\室内\6\5.jpg');
INSERT INTO "public"."device_rule" VALUES ('0c463d51-db18-49e0-b1f7-2f52b3a57d41', '\室内\6\5.jpg');
INSERT INTO "public"."device_rule" VALUES ('984c6833-303b-4edb-9583-456d72bd4fcb', '\室内\6\5.jpg');
INSERT INTO "public"."device_rule" VALUES ('54c880c4-d1d3-4b77-a42c-4d2af1329919', '\室内\6\5.jpg');
INSERT INTO "public"."device_rule" VALUES ('ff6298d5-36f5-441b-b32c-f48f54f41ab6', '\室内\6\6.jpg');
INSERT INTO "public"."device_rule" VALUES ('0e7d5d73-0d14-441e-b477-7720d78e2c57', '\室内\6\6.jpg');
INSERT INTO "public"."device_rule" VALUES ('aaed2025-9a26-44b7-ae9c-8d925d9533f0', '\室内\6\6.jpg');
INSERT INTO "public"."device_rule" VALUES ('b0939d9f-e3dc-4799-948c-f2c624e18543', '\室内\8\4.jpg');
INSERT INTO "public"."device_rule" VALUES ('21e40ea4-7b75-43f4-b5ea-d0feab6f35ab', '\室外\室外.jpg');
INSERT INTO "public"."device_rule" VALUES ('7a232413-88ca-40d9-af6c-05413bfad4c2', '\室内\1\1.jpg');
